TraceId,AuthMethod,ConcurrencyVUs,DurationMs,Success,StatusCode,OutlierClass
TRC-07f49e7f,PASSWORD,1,210.715,true,200,VALID
TRC-4262ea34,OTP,1,35.815,true,200,VALID
TRC-0a6eac0e,QR,1,32.959,true,200,VALID
TRC-30e7edd9,QR_OTP,1,80.352,true,200,VALID
TRC-f3111771,PASSWORD,1,203.054,true,200,VALID
TRC-ae65d094,PASSWORD,1,63.810,true,200,VALID
TRC-b68c127b,PASSWORD,1,64.451,true,200,VALID
TRC-1c45c9eb,PASSWORD,1,80.601,true,200,VALID
TRC-7dde9c9e,PASSWORD,1,78.262,true,200,VALID
TRC-df942c08,PASSWORD,1,61.489,true,200,VALID
TRC-6028a858,PASSWORD,1,100.269,true,200,VALID
TRC-fdc94016,PASSWORD,1,147.261,true,200,VALID
TRC-8feef678,PASSWORD,1,96.091,true,200,VALID
TRC-ce2c1200,PASSWORD,1,62.872,true,200,VALID
TRC-1e15bbfd,PASSWORD,1,61.657,true,200,VALID
TRC-6fc4e688,PASSWORD,1,114.328,true,200,VALID
TRC-6152c0f1,PASSWORD,1,100.370,true,200,VALID
TRC-7756f325,PASSWORD,1,62.125,true,200,VALID
TRC-63b8ce72,PASSWORD,1,61.154,true,200,VALID
TRC-ff1310b5,PASSWORD,1,125.202,true,200,VALID
TRC-6efffd99,PASSWORD,1,102.521,true,200,VALID
TRC-798709aa,PASSWORD,1,88.389,true,200,VALID
TRC-b2bb62a1,PASSWORD,1,74.041,true,200,VALID
TRC-8e3a89ad,PASSWORD,1,69.234,true,200,VALID
TRC-5e1d0f39,PASSWORD,1,86.198,true,200,VALID
TRC-509d92ab,PASSWORD,1,128.602,true,200,VALID
TRC-e45251f3,PASSWORD,1,93.226,true,200,VALID
TRC-0e578e95,PASSWORD,1,135.203,true,200,VALID
TRC-5180bc0a,PASSWORD,1,122.941,true,200,VALID
TRC-658fbbce,PASSWORD,1,65.727,true,200,VALID
TRC-2e24c5fa,PASSWORD,1,63.793,true,200,VALID
TRC-c9333ced,PASSWORD,1,64.647,true,200,VALID
TRC-0c1ad587,PASSWORD,1,65.356,true,200,VALID
TRC-9c77c355,PASSWORD,1,139.694,true,200,VALID
TRC-09f2a5b0,PASSWORD,1,61.623,true,200,VALID
TRC-f54ce0ef,OTP,1,31.072,true,200,VALID
TRC-4ca69649,OTP,1,145.412,true,200,VALID
TRC-21a454a1,OTP,1,97.951,true,200,VALID
TRC-8ae28c47,OTP,1,141.476,true,200,VALID
TRC-f10aca7c,OTP,1,36.112,true,200,VALID
TRC-47140702,OTP,1,128.608,true,200,VALID
TRC-a0519635,OTP,1,114.600,true,200,VALID
TRC-e2407cfa,OTP,1,76.582,true,200,VALID
TRC-56ba0e1d,OTP,1,118.830,true,200,VALID
TRC-5bcb2520,OTP,1,140.387,true,200,VALID
TRC-24a70663,OTP,1,83.964,true,200,VALID
TRC-2b227869,OTP,1,35.549,true,200,VALID
TRC-6fc2086f,OTP,1,36.147,true,200,VALID
TRC-bb62328b,OTP,1,36.686,true,200,VALID
TRC-564641a2,OTP,1,35.244,true,200,VALID
TRC-01b3cada,OTP,1,34.675,true,200,VALID
TRC-900948b8,OTP,1,152.550,true,200,VALID
TRC-943a3577,OTP,1,35.085,true,200,VALID
TRC-3d791b64,OTP,1,98.445,true,200,VALID
TRC-2d3afa6e,OTP,1,69.414,true,200,VALID
TRC-b31169e7,OTP,1,142.366,true,200,VALID
TRC-42e53217,OTP,1,39.733,true,200,VALID
TRC-b484a04c,OTP,1,34.348,true,200,VALID
TRC-02f0623c,OTP,1,37.508,true,200,VALID
TRC-4c32c225,OTP,1,34.242,true,200,VALID
TRC-c39d7452,OTP,1,34.711,true,200,VALID
TRC-0c814a77,OTP,1,35.212,true,200,VALID
TRC-c2ccb8c8,OTP,1,36.328,true,200,VALID
TRC-884051cd,QR,1,63.725,true,200,VALID
TRC-cde47a43,QR,1,114.321,true,200,VALID
TRC-9d1ef0a5,QR,1,129.445,true,200,VALID
TRC-6017fc47,QR,1,10.438,true,200,VALID
TRC-98f0d2a3,QR,1,9.815,true,200,VALID
TRC-011a612c,QR,1,97.207,true,200,VALID
TRC-aea3b593,QR,1,127.347,true,200,VALID
TRC-04a5e87c,QR,1,43.933,true,200,VALID
TRC-813cc747,QR,1,10.206,true,200,VALID
TRC-be01f270,QR,1,123.312,true,200,VALID
TRC-442e3bfc,QR,1,9.503,true,200,VALID
TRC-7238d5c3,QR,1,58.208,true,200,VALID
TRC-2f9c0ad0,QR,1,99.909,true,200,VALID
TRC-8a51779f,QR,1,116.615,true,200,VALID
TRC-42f233fd,QR,1,10.283,true,200,VALID
TRC-d14246f5,QR,1,70.359,true,200,VALID
TRC-8cb056f4,QR,1,10.455,true,200,VALID
TRC-8b60af52,QR,1,89.551,true,200,VALID
TRC-fec0b94c,QR_OTP,1,158.607,true,200,VALID
TRC-5a0d8448,QR_OTP,1,92.494,true,200,VALID
TRC-51e1e333,QR_OTP,1,56.742,true,200,VALID
TRC-b6f46990,QR_OTP,1,37.697,true,200,VALID
TRC-072e1aea,QR_OTP,1,104.666,true,200,VALID
TRC-45679c93,QR_OTP,1,48.737,true,200,VALID
TRC-e8bdf19b,QR_OTP,1,53.373,true,200,VALID
TRC-a06162e5,QR_OTP,1,111.955,true,200,VALID
TRC-1ec8334a,QR_OTP,1,38.094,true,200,VALID
TRC-878d10dc,QR_OTP,1,58.617,true,200,VALID
TRC-f1731ea4,QR_OTP,1,77.632,true,200,VALID
TRC-b7461f6b,OTP,1,112.301,true,200,VALID
TRC-62b57dde,OTP,1,128.792,true,200,VALID
TRC-4b8ca651,OTP,1,40.844,true,200,VALID
TRC-a2004ed5,OTP,1,44.175,true,200,VALID
TRC-70fc0985,OTP,1,152.402,true,200,VALID
TRC-6fd83684,OTP,1,91.099,true,200,VALID
TRC-e90bfd2f,QR,1,9.497,true,200,VALID
TRC-a68eddc2,QR,1,13.280,true,200,VALID
TRC-a93ce23a,QR,1,11.600,true,200,VALID
TRC-232c5f4d,QR,1,92.978,true,200,VALID
TRC-368521fa,QR,1,11.404,true,200,VALID
TRC-b4953348,QR,1,94.370,true,200,VALID
TRC-da1e61e8,QR,1,51.315,true,200,VALID
TRC-d70da220,QR,1,109.233,true,200,VALID
TRC-6acb6d4c,QR,1,14.968,true,200,VALID
TRC-ba6a5fd4,QR,1,10.681,true,200,VALID
TRC-13ea88f5,QR,1,85.117,true,200,VALID
TRC-b01800ea,QR,1,11.485,true,200,VALID
TRC-5e04e4ef,QR,1,123.421,true,200,VALID
TRC-8d85da97,QR,1,97.807,true,200,VALID
TRC-ebd824a8,QR,1,34.470,true,200,VALID
TRC-09371626,QR,1,10.475,true,200,VALID
TRC-7f66d208,QR,1,112.040,true,200,VALID
TRC-1bef0211,QR,1,71.038,true,200,VALID
TRC-b200fc92,QR,1,60.118,true,200,VALID
TRC-6a15f418,QR,1,103.568,true,200,VALID
TRC-11d021bf,QR_OTP,1,45.612,true,200,VALID
TRC-3a7d620d,QR_OTP,1,67.736,true,200,VALID
TRC-4483cea8,QR_OTP,1,79.841,true,200,VALID
TRC-f9b147a0,QR_OTP,1,135.423,true,200,VALID
TRC-72a310cb,QR_OTP,1,103.601,true,200,VALID
TRC-8e665f09,QR_OTP,1,125.484,true,200,VALID
TRC-17bf68c9,QR_OTP,1,110.665,true,200,VALID
TRC-99c8a760,QR_OTP,1,145.551,true,200,VALID
TRC-62abffa4,QR_OTP,1,86.917,true,200,VALID
TRC-1b158f0c,QR_OTP,1,89.718,true,200,VALID
TRC-d018a934,QR_OTP,1,116.016,true,200,VALID
TRC-e849b51b,QR_OTP,1,86.904,true,200,VALID
TRC-4dcd50d1,QR_OTP,1,115.095,true,200,VALID
TRC-e2817e14,QR_OTP,1,93.971,true,200,VALID
TRC-a5927f4a,QR_OTP,1,96.031,true,200,VALID
TRC-55605e64,QR_OTP,1,54.119,true,200,VALID
TRC-784c7508,QR_OTP,1,101.330,true,200,VALID
TRC-5763a382,QR_OTP,1,64.219,true,200,VALID
TRC-c6f76304,QR_OTP,1,87.914,true,200,VALID
TRC-98827fe0,QR_OTP,1,80.287,true,200,VALID
TRC-1ea1aa36,QR_OTP,1,115.432,true,200,VALID
TRC-a597dce8,PASSWORD,10,675.444,true,200,VALID
TRC-419f71ca,PASSWORD,10,676.201,true,200,VALID
TRC-20723470,PASSWORD,10,676.288,true,200,VALID
TRC-9c76bdcf,PASSWORD,10,676.261,true,200,VALID
TRC-56ab3961,PASSWORD,10,676.348,true,200,VALID
TRC-bf14fc4f,PASSWORD,10,676.301,true,200,VALID
TRC-69c1305d,PASSWORD,10,676.407,true,200,VALID
TRC-8eb22bac,PASSWORD,10,676.597,true,200,VALID
TRC-cc545df7,PASSWORD,10,676.468,true,200,VALID
TRC-0b2a1737,PASSWORD,10,692.105,true,200,VALID
TRC-d995ceac,PASSWORD,10,510.894,true,200,VALID
TRC-540931b0,PASSWORD,10,637.800,true,200,VALID
TRC-e4f3374b,PASSWORD,10,638.112,true,200,VALID
TRC-a9f6023b,PASSWORD,10,579.120,true,200,VALID
TRC-f36061fe,PASSWORD,10,579.247,true,200,VALID
TRC-2564c4e8,PASSWORD,10,579.124,true,200,VALID
TRC-b6787d6a,PASSWORD,10,579.283,true,200,VALID
TRC-cc223042,PASSWORD,10,579.273,true,200,VALID
TRC-4c324ddb,PASSWORD,10,579.938,true,200,VALID
TRC-d1a01d84,PASSWORD,10,129.203,true,200,VALID
TRC-968997ff,PASSWORD,10,579.931,true,200,VALID
TRC-04a46088,PASSWORD,10,315.839,true,200,VALID
TRC-c267ff42,PASSWORD,10,567.708,true,200,VALID
TRC-f7652799,PASSWORD,10,567.954,true,200,VALID
TRC-ff4c53d5,PASSWORD,10,567.844,true,200,VALID
TRC-d37b09bd,PASSWORD,10,568.345,true,200,VALID
TRC-af77cbb6,PASSWORD,10,383.320,true,200,VALID
TRC-3c1167b5,PASSWORD,10,383.240,true,200,VALID
TRC-fac57cc1,PASSWORD,10,519.922,true,200,VALID
TRC-108d3dac,PASSWORD,10,137.158,true,200,VALID
TRC-45e11eee,PASSWORD,10,519.525,true,200,VALID
TRC-c1c01d1e,OTP,10,103.984,true,200,VALID
TRC-d121b972,OTP,10,118.887,true,200,VALID
TRC-03f98eec,OTP,10,119.747,true,200,VALID
TRC-d8253770,OTP,10,29.213,true,200,VALID
TRC-c323a810,OTP,10,128.824,true,200,VALID
TRC-a997955d,OTP,10,52.851,true,200,VALID
TRC-13ec6114,OTP,10,128.954,true,200,VALID
TRC-56f906ab,OTP,10,129.193,true,200,VALID
TRC-0a21c65c,OTP,10,85.090,true,200,VALID
TRC-b68ab26c,OTP,10,53.990,true,200,VALID
TRC-67c72cbe,OTP,10,54.034,true,200,VALID
TRC-3b464072,OTP,10,30.347,true,200,VALID
TRC-79076a3c,OTP,10,28.459,true,200,VALID
TRC-a387eb8a,OTP,10,35.255,true,200,VALID
TRC-63363afd,OTP,10,34.702,true,200,VALID
TRC-e8c3d535,OTP,10,34.561,true,200,VALID
TRC-277dedc1,OTP,10,34.789,true,200,VALID
TRC-e5e7aca6,OTP,10,34.618,true,200,VALID
TRC-04c071a2,OTP,10,35.008,true,200,VALID
TRC-74210af8,OTP,10,35.416,true,200,VALID
TRC-54e81ef7,OTP,10,34.861,true,200,VALID
TRC-6266c290,OTP,10,34.790,true,200,VALID
TRC-d8825018,OTP,10,35.108,true,200,VALID
TRC-17d52cfc,OTP,10,35.463,true,200,VALID
TRC-96b6a4cf,OTP,10,35.230,true,200,VALID
TRC-a5c04e35,OTP,10,35.970,true,200,VALID
TRC-61f8271c,OTP,10,36.298,true,200,VALID
TRC-746063f9,OTP,10,36.134,true,200,VALID
TRC-326f61c4,OTP,10,35.510,true,200,VALID
TRC-647f7e4c,OTP,10,35.426,true,200,VALID
TRC-f38e9fa8,OTP,10,34.909,true,200,VALID
TRC-1f12518b,OTP,10,32.450,true,200,VALID
TRC-82013eb4,OTP,10,35.998,true,200,VALID
TRC-4ebb78c7,OTP,10,36.602,true,200,VALID
TRC-58679f6f,OTP,10,32.861,true,200,VALID
TRC-45e3df6c,OTP,10,35.221,true,200,VALID
TRC-52e7323d,OTP,10,36.435,true,200,VALID
TRC-2e89b408,OTP,10,36.368,true,200,VALID
TRC-df93a83b,PASSWORD,10,519.846,true,200,VALID
TRC-1e893e27,OTP,10,35.228,true,200,VALID
TRC-5db797b4,OTP,10,35.532,true,200,VALID
TRC-4d7beccd,OTP,10,36.092,true,200,VALID
TRC-0e65fae3,OTP,10,35.075,true,200,VALID
TRC-a4ec104b,OTP,10,35.139,true,200,VALID
TRC-28be544a,OTP,10,33.524,true,200,VALID
TRC-e3de54ba,OTP,10,35.301,true,200,VALID
TRC-21cc6b2c,OTP,10,29.286,true,200,VALID
TRC-4087f884,OTP,10,28.363,true,200,VALID
TRC-0f37b097,OTP,10,29.062,true,200,VALID
TRC-18b8d758,OTP,10,27.783,true,200,VALID
TRC-43dec751,OTP,10,40.935,true,200,VALID
TRC-61b50bf7,OTP,10,27.933,true,200,VALID
TRC-ea6a19cb,OTP,10,32.739,true,200,VALID
TRC-49e46ffd,OTP,10,35.050,true,200,VALID
TRC-9721eea4,OTP,10,34.041,true,200,VALID
TRC-97853b4a,OTP,10,32.336,true,200,VALID
TRC-47e1a741,OTP,10,35.052,true,200,VALID
TRC-7d3f650e,OTP,10,35.275,true,200,VALID
TRC-e2d3f8c9,OTP,10,35.641,true,200,VALID
TRC-4e11f8d4,OTP,10,34.552,true,200,VALID
TRC-4a4f80f0,OTP,10,35.952,true,200,VALID
TRC-b2ef0fe4,OTP,10,27.482,true,200,VALID
TRC-807f4c14,OTP,10,28.813,true,200,VALID
TRC-67913b8c,OTP,10,29.918,true,200,VALID
TRC-e4410885,OTP,10,35.017,true,200,VALID
TRC-ef3b561c,OTP,10,31.002,true,200,VALID
TRC-a186c2ab,OTP,10,31.823,true,200,VALID
TRC-026f1045,OTP,10,32.151,true,200,VALID
TRC-e0208e80,OTP,10,32.796,true,200,VALID
TRC-228d61e5,OTP,10,35.664,true,200,VALID
TRC-01fccc74,OTP,10,36.209,true,200,VALID
TRC-4aae24a2,OTP,10,36.032,true,200,VALID
TRC-b00622bd,OTP,10,36.179,true,200,VALID
TRC-c572f2a5,OTP,10,34.803,true,200,VALID
TRC-76e46342,OTP,10,35.647,true,200,VALID
TRC-3159746e,OTP,10,36.845,true,200,VALID
TRC-1cdc6400,OTP,10,32.756,true,200,VALID
TRC-64f57106,OTP,10,35.095,true,200,VALID
TRC-8bdeb877,OTP,10,33.193,true,200,VALID
TRC-c22b197a,PASSWORD,10,310.355,true,200,VALID
TRC-126d5a49,QR,10,69.840,true,200,VALID
TRC-89e5afc5,QR,10,19.939,true,200,VALID
TRC-35116c7d,QR,10,9.309,true,200,VALID
TRC-d48d0748,QR,10,21.627,true,200,VALID
TRC-4166ac4b,QR,10,18.352,true,200,VALID
TRC-6842bda5,QR,10,13.367,true,200,VALID
TRC-71e075dd,QR,10,9.354,true,200,VALID
TRC-0678dd3c,QR,10,13.525,true,200,VALID
TRC-d205420b,QR,10,13.352,true,200,VALID
TRC-9368ad9f,QR,10,8.433,true,200,VALID
TRC-0aa515fc,QR,10,12.896,true,200,VALID
TRC-d29080cb,QR,10,8.550,true,200,VALID
TRC-3778ce89,QR,10,12.913,true,200,VALID
TRC-da836bd0,QR,10,8.520,true,200,VALID
TRC-37876ea0,QR,10,8.547,true,200,VALID
TRC-b15add0d,QR,10,22.339,true,200,VALID
TRC-84139677,QR,10,26.292,true,200,VALID
TRC-289a182a,QR,10,19.827,true,200,VALID
TRC-3b0f586b,QR,10,24.285,true,200,VALID
TRC-f6e35648,QR,10,19.382,true,200,VALID
TRC-0cbb1120,QR,10,31.338,true,200,VALID
TRC-d680f64f,QR,10,17.979,true,200,VALID
TRC-444e9a20,QR,10,10.840,true,200,VALID
TRC-14f456cb,QR,10,23.095,true,200,VALID
TRC-3031df6e,QR,10,29.505,true,200,VALID
TRC-c7c9237d,QR,10,11.948,true,200,VALID
TRC-c93ab92a,QR,10,13.518,true,200,VALID
TRC-03d8f2fb,QR,10,13.842,true,200,VALID
TRC-301a4c6d,QR,10,41.633,true,200,VALID
TRC-68ea4350,QR,10,38.779,true,200,VALID
TRC-b073f3b4,QR,10,43.814,true,200,VALID
TRC-c0a9aa63,QR,10,41.931,true,200,VALID
TRC-8070de08,QR,10,35.468,true,200,VALID
TRC-60b38e47,QR,10,42.189,true,200,VALID
TRC-cdb77fad,QR,10,15.755,true,200,VALID
TRC-342ed7be,QR,10,13.583,true,200,VALID
TRC-6779188e,QR,10,13.379,true,200,VALID
TRC-b22c3eb9,QR_OTP,10,63.454,true,200,VALID
TRC-83d7f695,QR_OTP,10,61.802,true,200,VALID
TRC-84acded3,QR_OTP,10,54.986,true,200,VALID
TRC-38d2a8f8,PASSWORD,10,549.634,true,200,VALID
TRC-9343ba0b,OTP,10,33.874,true,200,VALID
TRC-3f814b07,OTP,10,35.091,true,200,VALID
TRC-f3ca6062,OTP,10,33.628,true,200,VALID
TRC-8bed96c3,OTP,10,33.599,true,200,VALID
TRC-c7c8c022,OTP,10,33.950,true,200,VALID
TRC-e5fda761,OTP,10,34.411,true,200,VALID
TRC-e8f8a213,OTP,10,35.403,true,200,VALID
TRC-53d30d69,OTP,10,35.287,true,200,VALID
TRC-eaa8506e,OTP,10,32.179,true,200,VALID
TRC-ab6dfec1,OTP,10,32.855,true,200,VALID
TRC-291685b4,OTP,10,32.764,true,200,VALID
TRC-0ae15793,OTP,10,35.868,true,200,VALID
TRC-b20fd184,OTP,10,36.462,true,200,VALID
TRC-8eba124b,OTP,10,34.044,true,200,VALID
TRC-8c493632,OTP,10,34.264,true,200,VALID
TRC-9b301576,OTP,10,36.208,true,200,VALID
TRC-cdecbaa9,OTP,10,36.121,true,200,VALID
TRC-eafc7976,OTP,10,34.548,true,200,VALID
TRC-aa488f81,OTP,10,34.981,true,200,VALID
TRC-a036c5c3,OTP,10,34.839,true,200,VALID
TRC-0a080e10,OTP,10,33.196,true,200,VALID
TRC-6eef8972,OTP,10,32.619,true,200,VALID
TRC-9c7efa7f,OTP,10,32.222,true,200,VALID
TRC-0b614599,OTP,10,33.830,true,200,VALID
TRC-cf15575a,OTP,10,34.663,true,200,VALID
TRC-43232fc5,OTP,10,34.546,true,200,VALID
TRC-246c29b5,OTP,10,34.606,true,200,VALID
TRC-1e7e3f26,OTP,10,34.531,true,200,VALID
TRC-1f5f6f06,OTP,10,35.155,true,200,VALID
TRC-d14e8b1e,OTP,10,33.968,true,200,VALID
TRC-0bc73652,OTP,10,34.818,true,200,VALID
TRC-3333a597,OTP,10,34.663,true,200,VALID
TRC-ebff0ea6,OTP,10,35.370,true,200,VALID
TRC-65e9dff1,OTP,10,33.253,true,200,VALID
TRC-0fdf11d6,OTP,10,34.608,true,200,VALID
TRC-32941ae8,OTP,10,34.857,true,200,VALID
TRC-cb6f848d,OTP,10,34.394,true,200,VALID
TRC-6271ad2d,OTP,10,30.661,true,200,VALID
TRC-0b3ca187,PASSWORD,10,549.736,true,200,VALID
TRC-31d7650e,PASSWORD,10,550.003,true,200,VALID
TRC-0c3b3e5c,PASSWORD,10,672.880,true,200,VALID
TRC-7d531184,PASSWORD,10,123.754,true,200,VALID
TRC-f6af69fd,PASSWORD,10,489.052,true,200,VALID
TRC-a9aa2a95,PASSWORD,10,488.541,true,200,VALID
TRC-b9929a5e,PASSWORD,10,488.652,true,200,VALID
TRC-500cbb56,PASSWORD,10,488.770,true,200,VALID
TRC-9d775284,PASSWORD,10,489.067,true,200,VALID
TRC-f4ac43d0,PASSWORD,10,63.953,true,200,VALID
TRC-65d01d07,PASSWORD,10,62.961,true,200,VALID
TRC-8aa53976,PASSWORD,10,615.504,true,200,VALID
TRC-76f068a8,PASSWORD,10,615.879,true,200,VALID
TRC-7a5cb4cd,PASSWORD,10,494.137,true,200,VALID
TRC-ae7a1b4e,PASSWORD,10,494.093,true,200,VALID
TRC-08724e9f,PASSWORD,10,494.059,true,200,VALID
TRC-c9601ed6,PASSWORD,10,617.550,true,200,VALID
TRC-b59f0b87,PASSWORD,10,493.647,true,200,VALID
TRC-af3ecab6,PASSWORD,10,499.502,true,200,VALID
TRC-3121fea6,PASSWORD,10,499.570,true,200,VALID
TRC-9271f762,PASSWORD,10,499.444,true,200,VALID
TRC-4f0c474c,PASSWORD,10,482.200,true,200,VALID
TRC-8c157d8f,PASSWORD,10,607.821,true,200,VALID
TRC-cba9a618,PASSWORD,10,545.315,true,200,VALID
TRC-013b10c9,PASSWORD,10,545.173,true,200,VALID
TRC-c31f02d9,PASSWORD,10,544.816,true,200,VALID
TRC-a3e81fef,PASSWORD,10,544.668,true,200,VALID
TRC-49214d94,PASSWORD,10,544.893,true,200,VALID
TRC-175414d5,PASSWORD,10,544.487,true,200,VALID
TRC-decf830f,PASSWORD,10,303.811,true,200,VALID
TRC-448b406b,PASSWORD,10,303.689,true,200,VALID
TRC-337db35f,PASSWORD,10,555.939,true,200,VALID
TRC-13bccbfd,PASSWORD,10,493.945,true,200,VALID
TRC-6e1e0bea,PASSWORD,10,492.161,true,200,VALID
TRC-fc4d33e0,PASSWORD,10,492.248,true,200,VALID
TRC-def68863,PASSWORD,10,492.310,true,200,VALID
TRC-55765613,PASSWORD,10,492.432,true,200,VALID
TRC-5db64d8b,PASSWORD,10,552.766,true,200,VALID
TRC-5afe3c8d,PASSWORD,10,552.576,true,200,VALID
TRC-c909b38e,PASSWORD,10,553.515,true,200,VALID
TRC-b77d2a3b,PASSWORD,10,305.366,true,200,VALID
TRC-3840d084,PASSWORD,10,61.600,true,200,VALID
TRC-9949b147,PASSWORD,10,390.463,true,200,VALID
TRC-637be0a4,PASSWORD,10,561.859,true,200,VALID
TRC-360c0669,PASSWORD,10,622.728,true,200,VALID
TRC-bdc9fe2b,PASSWORD,10,685.843,true,200,VALID
TRC-4ec1b0d9,PASSWORD,10,502.521,true,200,VALID
TRC-7dd798f4,PASSWORD,10,502.889,true,200,VALID
TRC-3a965a04,PASSWORD,10,502.730,true,200,VALID
TRC-7f9c1ab1,PASSWORD,10,685.711,true,200,VALID
TRC-bf898c86,PASSWORD,10,502.671,true,200,VALID
TRC-c5bf3664,PASSWORD,10,502.846,true,200,VALID
TRC-cff52100,PASSWORD,10,64.083,true,200,VALID
TRC-37a53146,PASSWORD,10,308.227,true,200,VALID
TRC-935f25f5,PASSWORD,10,378.979,true,200,VALID
TRC-a57c5399,PASSWORD,10,503.837,true,200,VALID
TRC-fd2b5998,PASSWORD,10,503.998,true,200,VALID
TRC-da9a69eb,PASSWORD,10,503.835,true,200,VALID
TRC-56be3c53,PASSWORD,10,491.844,true,200,VALID
TRC-ba1e2959,PASSWORD,10,491.847,true,200,VALID
TRC-aa63fe99,PASSWORD,10,491.601,true,200,VALID
TRC-7003d4c6,PASSWORD,10,492.186,true,200,VALID
TRC-2c49a835,OTP,10,129.157,true,200,VALID
TRC-bb53d266,OTP,10,99.603,true,200,VALID
TRC-96dbc655,OTP,10,114.680,true,200,VALID
TRC-59316965,OTP,10,35.507,true,200,VALID
TRC-5a4b2ad6,OTP,10,34.605,true,200,VALID
TRC-127b1b96,OTP,10,34.280,true,200,VALID
TRC-c8a8184c,OTP,10,34.207,true,200,VALID
TRC-237fea16,OTP,10,35.290,true,200,VALID
TRC-a1eb0c56,OTP,10,36.164,true,200,VALID
TRC-52b4d169,OTP,10,36.551,true,200,VALID
TRC-9aca2a7a,OTP,10,36.835,true,200,VALID
TRC-16a79a6c,OTP,10,33.977,true,200,VALID
TRC-168c38bd,OTP,10,34.274,true,200,VALID
TRC-e2fce31c,OTP,10,34.770,true,200,VALID
TRC-1c4dd930,OTP,10,36.491,true,200,VALID
TRC-2aa18b26,OTP,10,36.819,true,200,VALID
TRC-bb06349a,OTP,10,35.413,true,200,VALID
TRC-854e1d55,OTP,10,33.158,true,200,VALID
TRC-18e9d07f,OTP,10,52.099,true,200,VALID
TRC-1fe2d341,OTP,10,56.702,true,200,VALID
TRC-9a34de49,OTP,10,57.280,true,200,VALID
TRC-e1c7c1c5,OTP,10,57.491,true,200,VALID
TRC-ea35d0d6,OTP,10,57.858,true,200,VALID
TRC-de2c61a1,OTP,10,57.888,true,200,VALID
TRC-c46a44ce,OTP,10,59.366,true,200,VALID
TRC-402a720b,OTP,10,59.526,true,200,VALID
TRC-15c859a5,OTP,10,60.295,true,200,VALID
TRC-d639e69e,OTP,10,60.472,true,200,VALID
TRC-47e35032,OTP,10,133.498,true,200,VALID
TRC-93b08b48,OTP,10,54.874,true,200,VALID
TRC-c30657bd,OTP,10,131.913,true,200,VALID
TRC-26de4a5d,OTP,10,117.968,true,200,VALID
TRC-ef499027,OTP,10,71.336,true,200,VALID
TRC-3d769860,OTP,10,130.969,true,200,VALID
TRC-af112254,OTP,10,87.481,true,200,VALID
TRC-0ef2df9d,OTP,10,118.557,true,200,VALID
TRC-9cf149f2,OTP,10,87.038,true,200,VALID
TRC-4fa537f6,OTP,10,118.641,true,200,VALID
TRC-31c9f0d3,OTP,10,117.379,true,200,VALID
TRC-d4a6cceb,OTP,10,41.871,true,200,VALID
TRC-86ca2272,OTP,10,72.921,true,200,VALID
TRC-b516e45f,OTP,10,87.714,true,200,VALID
TRC-14e05806,OTP,10,118.425,true,200,VALID
TRC-5cf97f03,OTP,10,43.108,true,200,VALID
TRC-8dedb6bf,OTP,10,35.631,true,200,VALID
TRC-fc24142d,OTP,10,31.421,true,200,VALID
TRC-9df644a7,OTP,10,35.554,true,200,VALID
TRC-41a1afd3,OTP,10,36.123,true,200,VALID
TRC-5a8ecd36,OTP,10,34.684,true,200,VALID
TRC-3f9ba572,OTP,10,34.588,true,200,VALID
TRC-3a0cb5d9,OTP,10,35.381,true,200,VALID
TRC-16286471,OTP,10,28.749,true,200,VALID
TRC-8b120c6b,OTP,10,30.557,true,200,VALID
TRC-815b3c39,OTP,10,29.069,true,200,VALID
TRC-c8c54924,OTP,10,29.358,true,200,VALID
TRC-d2a18159,OTP,10,28.083,true,200,VALID
TRC-485230fb,OTP,10,30.663,true,200,VALID
TRC-73037be2,OTP,10,30.230,true,200,VALID
TRC-e349bf19,OTP,10,28.341,true,200,VALID
TRC-d44c86c5,OTP,10,30.797,true,200,VALID
TRC-91ab91fc,OTP,10,28.779,true,200,VALID
TRC-038e19cd,OTP,10,33.298,true,200,VALID
TRC-cca77ba2,OTP,10,33.312,true,200,VALID
TRC-094d921a,OTP,10,33.599,true,200,VALID
TRC-02aa600d,OTP,10,35.532,true,200,VALID
TRC-832e2290,OTP,10,36.617,true,200,VALID
TRC-82b9ecd1,OTP,10,34.860,true,200,VALID
TRC-1a5f7134,OTP,10,31.649,true,200,VALID
TRC-70de479e,OTP,10,34.484,true,200,VALID
TRC-b9cd78b3,OTP,10,35.242,true,200,VALID
TRC-01d4cff8,OTP,10,34.193,true,200,VALID
TRC-409ea0e4,OTP,10,34.086,true,200,VALID
TRC-4c87301e,OTP,10,32.655,true,200,VALID
TRC-f07a405c,OTP,10,35.214,true,200,VALID
TRC-5ecd74c1,OTP,10,35.048,true,200,VALID
TRC-0a3b8f1b,OTP,10,33.347,true,200,VALID
TRC-ac8b1e67,OTP,10,33.246,true,200,VALID
TRC-b2251bd3,OTP,10,35.346,true,200,VALID
TRC-f946f3d0,OTP,10,35.664,true,200,VALID
TRC-f00f77a8,OTP,10,31.052,true,200,VALID
TRC-1fd66f0e,OTP,10,35.700,true,200,VALID
TRC-5dbaec28,OTP,10,35.536,true,200,VALID
TRC-fc5ddeea,OTP,10,34.436,true,200,VALID
TRC-c58f1026,OTP,10,34.876,true,200,VALID
TRC-2abbc97d,OTP,10,30.338,true,200,VALID
TRC-2432c3bc,OTP,10,29.733,true,200,VALID
TRC-6e45606b,OTP,10,36.117,true,200,VALID
TRC-5827132f,OTP,10,35.906,true,200,VALID
TRC-cad363b7,OTP,10,35.419,true,200,VALID
TRC-1af82753,OTP,10,35.821,true,200,VALID
TRC-11c61a83,OTP,10,36.114,true,200,VALID
TRC-d0199e05,OTP,10,32.712,true,200,VALID
TRC-c3c7f245,OTP,10,33.383,true,200,VALID
TRC-526d04ff,OTP,10,33.852,true,200,VALID
TRC-fd543eb3,OTP,10,37.315,true,200,VALID
TRC-2d8bea8e,OTP,10,35.236,true,200,VALID
TRC-c14f255d,OTP,10,35.171,true,200,VALID
TRC-36ec3f55,OTP,10,35.468,true,200,VALID
TRC-3c7e77f4,OTP,10,34.156,true,200,VALID
TRC-7fa4873b,OTP,10,34.354,true,200,VALID
TRC-a35f1fef,OTP,10,34.550,true,200,VALID
TRC-58108c99,OTP,10,34.874,true,200,VALID
TRC-97454984,OTP,10,34.677,true,200,VALID
TRC-e2b4b323,OTP,10,35.341,true,200,VALID
TRC-1631ffcf,OTP,10,34.914,true,200,VALID
TRC-b4046709,OTP,10,34.338,true,200,VALID
TRC-0adb0339,OTP,10,35.163,true,200,VALID
TRC-ac0cb022,OTP,10,35.466,true,200,VALID
TRC-91db5cb6,OTP,10,37.345,true,200,VALID
TRC-10f00fa3,OTP,10,37.466,true,200,VALID
TRC-54dc1fc6,OTP,10,37.740,true,200,VALID
TRC-3cbad24a,OTP,10,36.310,true,200,VALID
TRC-5b5ff752,OTP,10,36.428,true,200,VALID
TRC-3c36ab9b,OTP,10,36.710,true,200,VALID
TRC-a403c3b7,OTP,10,34.988,true,200,VALID
TRC-012b6047,OTP,10,35.191,true,200,VALID
TRC-b0becb06,OTP,10,39.232,true,200,VALID
TRC-03f46023,OTP,10,35.213,true,200,VALID
TRC-fab7b943,OTP,10,36.036,true,200,VALID
TRC-84f0041e,OTP,10,36.010,true,200,VALID
TRC-c163c071,OTP,10,31.619,true,200,VALID
TRC-b13544d3,OTP,10,27.626,true,200,VALID
TRC-66cb054c,OTP,10,29.981,true,200,VALID
TRC-5addd579,OTP,10,30.286,true,200,VALID
TRC-16d6d5de,OTP,10,29.595,true,200,VALID
TRC-91b83200,OTP,10,33.750,true,200,VALID
TRC-2deef85f,OTP,10,33.840,true,200,VALID
TRC-cfadd514,OTP,10,34.565,true,200,VALID
TRC-fdae525d,OTP,10,35.597,true,200,VALID
TRC-e26e71c2,OTP,10,35.277,true,200,VALID
TRC-e8b97ad8,OTP,10,35.405,true,200,VALID
TRC-de9c5620,OTP,10,34.740,true,200,VALID
TRC-061b242e,OTP,10,36.073,true,200,VALID
TRC-1a7e8b7f,OTP,10,35.529,true,200,VALID
TRC-fd0027dc,OTP,10,33.680,true,200,VALID
TRC-6f88b6a0,OTP,10,33.450,true,200,VALID
TRC-ada20b0f,OTP,10,35.006,true,200,VALID
TRC-216435e7,OTP,10,36.008,true,200,VALID
TRC-84a479e3,OTP,10,35.379,true,200,VALID
TRC-2c99fd69,OTP,10,34.833,true,200,VALID
TRC-584d3a7d,OTP,10,33.004,true,200,VALID
TRC-b6862dc5,OTP,10,35.350,true,200,VALID
TRC-973fbe3f,OTP,10,35.339,true,200,VALID
TRC-34f495e7,OTP,10,36.048,true,200,VALID
TRC-5634088f,OTP,10,36.506,true,200,VALID
TRC-b76ce270,OTP,10,32.855,true,200,VALID
TRC-bcd753a6,OTP,10,34.139,true,200,VALID
TRC-2118c736,OTP,10,33.855,true,200,VALID
TRC-5f8870d7,OTP,10,33.857,true,200,VALID
TRC-7f588d24,OTP,10,35.500,true,200,VALID
TRC-c6425428,OTP,10,31.899,true,200,VALID
TRC-e79fa8df,OTP,10,36.081,true,200,VALID
TRC-f365059c,OTP,10,35.951,true,200,VALID
TRC-5d271c38,OTP,10,35.841,true,200,VALID
TRC-1c8c7e31,OTP,10,36.405,true,200,VALID
TRC-cf285503,OTP,10,35.505,true,200,VALID
TRC-770e6ad5,OTP,10,33.257,true,200,VALID
TRC-a9d45d7d,OTP,10,34.707,true,200,VALID
TRC-4630a72f,OTP,10,35.680,true,200,VALID
TRC-d64211a9,OTP,10,35.070,true,200,VALID
TRC-5b1003bc,OTP,10,35.817,true,200,VALID
TRC-79de3c75,OTP,10,35.543,true,200,VALID
TRC-711b4e50,OTP,10,29.171,true,200,VALID
TRC-0d70cdca,OTP,10,32.580,true,200,VALID
TRC-0d6c2f8f,OTP,10,31.069,true,200,VALID
TRC-16a56b1a,OTP,10,37.963,true,200,VALID
TRC-83bf8b3f,OTP,10,33.845,true,200,VALID
TRC-213dcb67,OTP,10,34.045,true,200,VALID
TRC-395a8ca8,OTP,10,33.530,true,200,VALID
TRC-410eb6f3,OTP,10,30.954,true,200,VALID
TRC-94903a90,OTP,10,33.099,true,200,VALID
TRC-29ad585c,OTP,10,30.145,true,200,VALID
TRC-b937545d,OTP,10,31.670,true,200,VALID
TRC-4270fcc0,OTP,10,29.122,true,200,VALID
TRC-78f63b3a,OTP,10,31.964,true,200,VALID
TRC-d7d4c929,OTP,10,33.619,true,200,VALID
TRC-c44674b1,OTP,10,28.589,true,200,VALID
TRC-455ebf3a,OTP,10,35.362,true,200,VALID
TRC-ada86bd5,OTP,10,36.095,true,200,VALID
TRC-469ff4cb,OTP,10,36.004,true,200,VALID
TRC-35e670ac,OTP,10,32.124,true,200,VALID
TRC-2b1ff0ef,OTP,10,35.026,true,200,VALID
TRC-2a920842,OTP,10,30.791,true,200,VALID
TRC-d42e47c2,OTP,10,34.605,true,200,VALID
TRC-5b83a6d0,OTP,10,34.923,true,200,VALID
TRC-16de80c2,OTP,10,34.512,true,200,VALID
TRC-f65b7e63,OTP,10,33.773,true,200,VALID
TRC-aa3be86d,OTP,10,36.147,true,200,VALID
TRC-fdba6eaa,OTP,10,36.047,true,200,VALID
TRC-825bbe42,OTP,10,35.214,true,200,VALID
TRC-14d656ab,OTP,10,35.721,true,200,VALID
TRC-044fc41a,OTP,10,35.333,true,200,VALID
TRC-6862ed15,OTP,10,34.998,true,200,VALID
TRC-925211a1,OTP,10,34.638,true,200,VALID
TRC-f538b178,OTP,10,35.550,true,200,VALID
TRC-72e98106,OTP,10,33.547,true,200,VALID
TRC-e51dd261,OTP,10,35.355,true,200,VALID
TRC-7c1716a2,OTP,10,35.368,true,200,VALID
TRC-6c63cdae,OTP,10,33.673,true,200,VALID
TRC-573079cc,OTP,10,36.421,true,200,VALID
TRC-1f8cfa5e,OTP,10,35.679,true,200,VALID
TRC-cd3a31ea,OTP,10,34.757,true,200,VALID
TRC-66a3aa1b,OTP,10,35.000,true,200,VALID
TRC-59bc8490,OTP,10,35.663,true,200,VALID
TRC-afe0b9d7,OTP,10,32.915,true,200,VALID
TRC-260308c4,OTP,10,35.180,true,200,VALID
TRC-54880fd4,OTP,10,35.511,true,200,VALID
TRC-cc5a03a0,OTP,10,35.005,true,200,VALID
TRC-d5124b1f,OTP,10,35.207,true,200,VALID
TRC-e77abcc7,OTP,10,33.426,true,200,VALID
TRC-e68966af,OTP,10,36.237,true,200,VALID
TRC-621e1663,OTP,10,35.290,true,200,VALID
TRC-528e0558,OTP,10,35.218,true,200,VALID
TRC-27e85b51,OTP,10,35.099,true,200,VALID
TRC-0d55d650,OTP,10,35.384,true,200,VALID
TRC-0d1dfb8a,OTP,10,32.254,true,200,VALID
TRC-e2b50c79,QR,10,13.932,true,200,VALID
TRC-19d8d143,QR,10,13.145,true,200,VALID
TRC-b8637d8c,QR,10,13.379,true,200,VALID
TRC-3c192a25,QR,10,18.297,true,200,VALID
TRC-0cb82ba7,QR,10,18.101,true,200,VALID
TRC-f0c908b2,QR,10,18.491,true,200,VALID
TRC-92893bd2,QR,10,13.629,true,200,VALID
TRC-84259c9e,QR,10,9.424,true,200,VALID
TRC-d70fabb0,QR,10,21.966,true,200,VALID
TRC-baa4ee3e,QR,10,22.569,true,200,VALID
TRC-eb86da43,QR,10,22.446,true,200,VALID
TRC-74e4660b,QR,10,22.369,true,200,VALID
TRC-7716407d,QR,10,18.649,true,200,VALID
TRC-417647de,QR,10,19.695,true,200,VALID
TRC-64250826,QR,10,14.483,true,200,VALID
TRC-35032591,QR,10,9.676,true,200,VALID
TRC-ca8e1729,QR,10,8.862,true,200,VALID
TRC-049a1096,QR,10,41.036,true,200,VALID
TRC-3df1ecad,QR,10,37.354,true,200,VALID
TRC-f2723d52,QR,10,20.147,true,200,VALID
TRC-1e2d7433,QR,10,14.825,true,200,VALID
TRC-a25a3745,QR,10,14.746,true,200,VALID
TRC-deeac903,QR,10,9.103,true,200,VALID
TRC-b7f84063,QR,10,8.902,true,200,VALID
TRC-ac71a411,QR,10,18.899,true,200,VALID
TRC-eb3480e4,QR,10,19.683,true,200,VALID
TRC-9a66801d,QR,10,19.501,true,200,VALID
TRC-71b18caa,QR,10,13.771,true,200,VALID
TRC-1e78e084,OTP,10,32.389,true,200,VALID
TRC-ffbc9630,OTP,10,32.645,true,200,VALID
TRC-be2f1117,OTP,10,34.679,true,200,VALID
TRC-832bf47f,OTP,10,32.129,true,200,VALID
TRC-c282955c,OTP,10,30.302,true,200,VALID
TRC-0f29393f,OTP,10,31.824,true,200,VALID
TRC-9fb1d9a4,OTP,10,40.804,true,200,VALID
TRC-02b0ddac,OTP,10,35.283,true,200,VALID
TRC-79fb8725,OTP,10,34.841,true,200,VALID
TRC-7d1bc0c6,OTP,10,35.107,true,200,VALID
TRC-22098058,OTP,10,35.831,true,200,VALID
TRC-91cc4438,OTP,10,35.585,true,200,VALID
TRC-a4ac6611,OTP,10,36.494,true,200,VALID
TRC-997934d5,OTP,10,34.613,true,200,VALID
TRC-08949bd7,QR,10,77.832,true,200,VALID
TRC-99aa3702,QR,10,28.948,true,200,VALID
TRC-b5bf5aa1,QR,10,24.036,true,200,VALID
TRC-e7349faa,QR,10,14.567,true,200,VALID
TRC-d380fe21,QR,10,18.379,true,200,VALID
TRC-a4c8bbb7,QR,10,14.502,true,200,VALID
TRC-daa6d605,QR,10,10.237,true,200,VALID
TRC-ecd1ef28,QR,10,14.355,true,200,VALID
TRC-03fba358,QR,10,10.143,true,200,VALID
TRC-72027ee1,QR,10,8.475,true,200,VALID
TRC-6cd4fed7,QR,10,27.168,true,200,VALID
TRC-f792572b,QR,10,27.087,true,200,VALID
TRC-562d63dc,QR,10,27.467,true,200,VALID
TRC-dd944268,QR,10,18.012,true,200,VALID
TRC-18462444,QR,10,62.108,true,200,VALID
TRC-5097206d,QR,10,62.136,true,200,VALID
TRC-c0a622f5,QR,10,62.521,true,200,VALID
TRC-74b0dbac,QR,10,36.799,true,200,VALID
TRC-07d98ede,QR,10,36.760,true,200,VALID
TRC-c5199936,QR,10,37.625,true,200,VALID
TRC-1c6e5b77,QR,10,14.049,true,200,VALID
TRC-8fbf8b6a,QR,10,18.731,true,200,VALID
TRC-a9e18b22,QR,10,14.552,true,200,VALID
TRC-67ba54c2,QR,10,9.159,true,200,VALID
TRC-a147a056,QR,10,9.142,true,200,VALID
TRC-ce0816c6,QR,10,18.985,true,200,VALID
TRC-addddb0a,QR,10,8.535,true,200,VALID
TRC-47b56f80,OTP,10,34.868,true,200,VALID
TRC-d592d8cc,OTP,10,35.507,true,200,VALID
TRC-7a685f63,OTP,10,34.127,true,200,VALID
TRC-3825edf6,OTP,10,33.673,true,200,VALID
TRC-6979052c,OTP,10,34.726,true,200,VALID
TRC-b99fbfd3,OTP,10,34.567,true,200,VALID
TRC-f1eb9953,OTP,10,34.522,true,200,VALID
TRC-33bc85cb,OTP,10,34.543,true,200,VALID
TRC-a470b1c0,OTP,10,34.573,true,200,VALID
TRC-7e288b14,OTP,10,36.438,true,200,VALID
TRC-8f57bf74,OTP,10,34.770,true,200,VALID
TRC-7ec392a0,OTP,10,35.084,true,200,VALID
TRC-a9ac8ac8,OTP,10,34.856,true,200,VALID
TRC-c33cff25,OTP,10,34.943,true,200,VALID
TRC-64e77bb8,OTP,10,31.612,true,200,VALID
TRC-58a0c8c8,OTP,10,35.967,true,200,VALID
TRC-c70f00fa,OTP,10,35.046,true,200,VALID
TRC-dfc9d663,OTP,10,31.364,true,200,VALID
TRC-cc29a6a7,OTP,10,36.060,true,200,VALID
TRC-47788dff,OTP,10,35.685,true,200,VALID
TRC-db58c2fc,OTP,10,34.016,true,200,VALID
TRC-a6c8d0b8,OTP,10,35.840,true,200,VALID
TRC-47b4870c,OTP,10,34.730,true,200,VALID
TRC-f25600ef,OTP,10,35.758,true,200,VALID
TRC-3b490478,OTP,10,36.198,true,200,VALID
TRC-a910c6f3,OTP,10,34.023,true,200,VALID
TRC-ce8ae8f9,OTP,10,31.898,true,200,VALID
TRC-d5352584,OTP,10,37.124,true,200,VALID
TRC-531a4a4c,OTP,10,36.483,true,200,VALID
TRC-5c845266,OTP,10,32.949,true,200,VALID
TRC-af18ad67,OTP,10,34.917,true,200,VALID
TRC-b7d970b1,OTP,10,35.946,true,200,VALID
TRC-25eb845c,OTP,10,36.179,true,200,VALID
TRC-efdf1c47,OTP,10,36.838,true,200,VALID
TRC-a1f5d95b,OTP,10,32.161,true,200,VALID
TRC-b3e3ffcf,QR_OTP,10,37.794,true,200,VALID
TRC-67595f3f,QR_OTP,10,39.867,true,200,VALID
TRC-d4f9bdc0,QR_OTP,10,54.971,true,200,VALID
TRC-e41d4609,QR_OTP,10,45.427,true,200,VALID
TRC-3ff912e7,QR_OTP,10,46.353,true,200,VALID
TRC-3013cd4a,QR_OTP,10,40.304,true,200,VALID
TRC-b3192e9b,OTP,10,35.075,true,200,VALID
TRC-a5a7c570,OTP,10,30.771,true,200,VALID
TRC-2ccae146,OTP,10,36.105,true,200,VALID
TRC-9f8b82eb,OTP,10,32.532,true,200,VALID
TRC-1955df44,OTP,10,33.748,true,200,VALID
TRC-dc6cffaf,OTP,10,33.592,true,200,VALID
TRC-48eca89b,OTP,10,38.088,true,200,VALID
TRC-862d223e,OTP,10,37.090,true,200,VALID
TRC-84a46246,OTP,10,31.971,true,200,VALID
TRC-600f361f,OTP,10,32.764,true,200,VALID
TRC-9692466a,OTP,10,28.702,true,200,VALID
TRC-e4f65ae1,OTP,10,32.760,true,200,VALID
TRC-8dbbe180,OTP,10,30.715,true,200,VALID
TRC-c97f2d4d,OTP,10,31.155,true,200,VALID
TRC-c7d5ceb6,OTP,10,28.789,true,200,VALID
TRC-9a3d5f19,OTP,10,30.983,true,200,VALID
TRC-19287abf,OTP,10,29.946,true,200,VALID
TRC-f92d7bc9,OTP,10,31.226,true,200,VALID
TRC-a59e02cd,OTP,10,30.303,true,200,VALID
TRC-818830c4,OTP,10,28.995,true,200,VALID
TRC-0c7ff1ca,OTP,10,30.298,true,200,VALID
TRC-46c19e39,OTP,10,35.403,true,200,VALID
TRC-793f4c7e,OTP,10,34.612,true,200,VALID
TRC-89fb4398,OTP,10,34.895,true,200,VALID
TRC-d416673d,OTP,10,35.136,true,200,VALID
TRC-675936fa,OTP,10,34.918,true,200,VALID
TRC-33f7d9f7,OTP,10,35.255,true,200,VALID
TRC-9db8fb75,OTP,10,33.184,true,200,VALID
TRC-17415774,OTP,10,34.902,true,200,VALID
TRC-f81663d9,OTP,10,35.832,true,200,VALID
TRC-1f008407,OTP,10,33.464,true,200,VALID
TRC-0dbe149c,OTP,10,35.040,true,200,VALID
TRC-5dad81d2,OTP,10,35.539,true,200,VALID
TRC-8644263f,OTP,10,35.260,true,200,VALID
TRC-aa97b24a,OTP,10,35.928,true,200,VALID
TRC-1c9a6657,OTP,10,35.670,true,200,VALID
TRC-9aad32e7,OTP,10,35.567,true,200,VALID
TRC-5004f0ab,OTP,10,35.449,true,200,VALID
TRC-318f4d56,OTP,10,33.171,true,200,VALID
TRC-2c017cd5,OTP,10,35.483,true,200,VALID
TRC-6cf9566c,OTP,10,31.477,true,200,VALID
TRC-e68c43f1,OTP,10,36.013,true,200,VALID
TRC-1dd73732,OTP,10,35.944,true,200,VALID
TRC-5534b869,OTP,10,35.773,true,200,VALID
TRC-b27d0aae,OTP,10,36.031,true,200,VALID
TRC-fc804e44,OTP,10,35.943,true,200,VALID
TRC-2f29f841,QR_OTP,10,37.656,true,200,VALID
TRC-ee13305b,QR_OTP,10,57.502,true,200,VALID
TRC-e70451bb,QR_OTP,10,41.506,true,200,VALID
TRC-04052457,QR_OTP,10,48.619,true,200,VALID
TRC-e9843a2f,QR_OTP,10,44.171,true,200,VALID
TRC-f731acbd,QR_OTP,10,42.908,true,200,VALID
TRC-003e32ef,QR_OTP,10,37.095,true,200,VALID
TRC-e3f60a73,QR_OTP,10,43.205,true,200,VALID
TRC-b981a7ca,QR_OTP,10,38.492,true,200,VALID
TRC-5d779e0b,QR_OTP,10,61.918,true,200,VALID
TRC-e0ea12c4,QR_OTP,10,63.265,true,200,VALID
TRC-b2f1cc88,QR_OTP,10,49.788,true,200,VALID
TRC-6cb2bbdb,QR_OTP,10,54.792,true,200,VALID
TRC-0701ad7e,QR_OTP,10,48.992,true,200,VALID
TRC-f2383d7f,QR_OTP,10,49.619,true,200,VALID
TRC-b50ad70c,QR_OTP,10,38.787,true,200,VALID
TRC-94c31c6d,QR_OTP,10,36.700,true,200,VALID
TRC-adfde998,QR_OTP,10,36.435,true,200,VALID
TRC-62871b46,QR_OTP,10,166.743,true,200,VALID
TRC-85277947,QR_OTP,10,120.528,true,200,VALID
TRC-b6585b13,QR_OTP,10,91.647,true,200,VALID
TRC-22c15a5e,QR_OTP,10,120.163,true,200,VALID
TRC-176cd655,QR_OTP,10,119.812,true,200,VALID
TRC-a6f9e0ea,QR_OTP,10,56.364,true,200,VALID
TRC-f7321512,QR_OTP,10,74.070,true,200,VALID
TRC-3270be98,QR_OTP,10,167.441,true,200,VALID
TRC-7730f441,QR_OTP,10,120.316,true,200,VALID
TRC-8cb949c1,QR_OTP,10,119.805,true,200,VALID
TRC-d2cbf634,QR_OTP,10,87.853,true,200,VALID
TRC-81436f8c,QR_OTP,10,114.917,true,200,VALID
TRC-2ea842dc,QR_OTP,10,87.745,true,200,VALID
TRC-388a4991,QR_OTP,10,144.499,true,200,VALID
TRC-675235e1,QR_OTP,10,83.010,true,200,VALID
TRC-fcaf9349,QR,10,74.094,true,200,VALID
TRC-fdfcd464,QR,10,74.155,true,200,VALID
TRC-b92595d7,QR,10,74.178,true,200,VALID
TRC-968c7686,QR,10,74.899,true,200,VALID
TRC-e54b0587,QR,10,76.970,true,200,VALID
TRC-9f9312a6,QR,10,77.725,true,200,VALID
TRC-56a172d7,QR,10,78.045,true,200,VALID
TRC-d63894a2,QR,10,17.456,true,200,VALID
TRC-0603b169,QR,10,10.197,true,200,VALID
TRC-da675d29,QR,10,9.405,true,200,VALID
TRC-2842cf86,QR,10,21.466,true,200,VALID
TRC-3c4504b7,QR,10,21.923,true,200,VALID
TRC-e715583a,QR,10,20.857,true,200,VALID
TRC-fe2f2635,QR,10,20.321,true,200,VALID
TRC-ddeb42ce,QR,10,15.492,true,200,VALID
TRC-1477d048,QR,10,9.791,true,200,VALID
TRC-2257de25,QR,10,25.046,true,200,VALID
TRC-aaf0cbe4,QR,10,20.435,true,200,VALID
TRC-29f0e315,QR,10,16.133,true,200,VALID
TRC-44bf6d39,QR,10,16.301,true,200,VALID
TRC-59e55d59,QR,10,9.500,true,200,VALID
TRC-3f270881,QR,10,13.236,true,200,VALID
TRC-f9f16c65,QR,10,13.461,true,200,VALID
TRC-dbaebfb6,QR,10,26.882,true,200,VALID
TRC-bb83fff6,QR,10,31.971,true,200,VALID
TRC-451b9435,QR,10,32.092,true,200,VALID
TRC-05e7f8ae,QR,10,38.126,true,200,VALID
TRC-087223d5,QR,10,27.766,true,200,VALID
TRC-1aab2183,QR,10,23.604,true,200,VALID
TRC-3ff534dd,QR,10,14.354,true,200,VALID
TRC-d65fe594,QR,10,14.984,true,200,VALID
TRC-bc14bf27,QR,10,25.371,true,200,VALID
TRC-afc35c28,QR,10,9.564,true,200,VALID
TRC-cc2b341c,QR,10,78.200,true,200,VALID
TRC-43df13b0,QR,10,78.148,true,200,VALID
TRC-be7a885a,QR,10,35.746,true,200,VALID
TRC-b7b95932,QR,10,32.396,true,200,VALID
TRC-0e419e1d,QR,10,20.553,true,200,VALID
TRC-8ea0d6e9,QR,10,15.753,true,200,VALID
TRC-1ba42253,QR,10,12.088,true,200,VALID
TRC-800ec46c,QR,10,23.004,true,200,VALID
TRC-78450775,QR,10,22.920,true,200,VALID
TRC-8c31f67d,QR,10,14.432,true,200,VALID
TRC-dbac2465,QR,10,9.075,true,200,VALID
TRC-f1d80dd5,QR,10,19.299,true,200,VALID
TRC-64da501a,QR,10,14.954,true,200,VALID
TRC-d4b267fa,QR,10,9.476,true,200,VALID
TRC-0cf2844b,QR,10,13.780,true,200,VALID
TRC-41a67325,QR,10,8.725,true,200,VALID
TRC-62deeaf7,QR,10,34.873,true,200,VALID
TRC-31d39e1a,QR,10,35.135,true,200,VALID
TRC-caabd392,QR,10,31.642,true,200,VALID
TRC-5eba027f,QR,10,31.847,true,200,VALID
TRC-2bfba2f2,QR,10,22.928,true,200,VALID
TRC-e9607a84,QR,10,16.881,true,200,VALID
TRC-57d5ae96,QR,10,9.557,true,200,VALID
TRC-302f449f,QR,10,17.084,true,200,VALID
TRC-7d9819bb,QR,10,16.958,true,200,VALID
TRC-995e9617,QR,10,17.045,true,200,VALID
TRC-4366945d,QR,10,27.829,true,200,VALID
TRC-c10cb5a5,QR,10,27.995,true,200,VALID
TRC-63b3eb9a,QR,10,32.817,true,200,VALID
TRC-32e9351b,QR,10,18.523,true,200,VALID
TRC-ef360eb2,QR,10,18.149,true,200,VALID
TRC-400811b9,QR,10,18.507,true,200,VALID
TRC-2442ddb8,QR,10,8.174,true,200,VALID
TRC-ac8eb93d,QR,10,8.691,true,200,VALID
TRC-bcc0aa20,QR,10,14.883,true,200,VALID
TRC-53e42b3d,QR,10,50.310,true,200,VALID
TRC-b729da7b,QR,10,19.765,true,200,VALID
TRC-92223f46,QR,10,16.310,true,200,VALID
TRC-1955bc12,QR,10,14.277,true,200,VALID
TRC-fae3be10,QR,10,9.732,true,200,VALID
TRC-358186d1,QR,10,18.423,true,200,VALID
TRC-5600d85d,QR,10,17.606,true,200,VALID
TRC-387c7f55,QR,10,12.781,true,200,VALID
TRC-61df59bd,QR,10,27.272,true,200,VALID
TRC-3d9bfabf,QR,10,27.293,true,200,VALID
TRC-306d3e71,QR,10,8.970,true,200,VALID
TRC-70f77c12,QR,10,18.206,true,200,VALID
TRC-87748d87,QR,10,9.117,true,200,VALID
TRC-b648bebd,QR,10,20.175,true,200,VALID
TRC-bf68781a,QR,10,20.134,true,200,VALID
TRC-eac99477,QR,10,20.749,true,200,VALID
TRC-f919b6fe,QR,10,28.546,true,200,VALID
TRC-b837eb08,QR,10,28.980,true,200,VALID
TRC-02a6b9ad,QR,10,23.182,true,200,VALID
TRC-289c1fb7,QR,10,9.794,true,200,VALID
TRC-c96927fa,QR,10,8.499,true,200,VALID
TRC-0ee6ab41,QR,10,8.620,true,200,VALID
TRC-f3b7a864,QR,10,9.163,true,200,VALID
TRC-f76aa2ad,QR,10,8.879,true,200,VALID
TRC-766ce248,QR,10,14.681,true,200,VALID
TRC-722c59cc,QR,10,10.466,true,200,VALID
TRC-b6a2485f,QR,10,13.689,true,200,VALID
TRC-90c8ccf5,QR,10,11.652,true,200,VALID
TRC-ca3b06d5,QR,10,8.379,true,200,VALID
TRC-c79756e0,QR,10,10.074,true,200,VALID
TRC-2f9cf673,QR,10,22.197,true,200,VALID
TRC-a5d352d5,QR,10,15.824,true,200,VALID
TRC-cd670fa1,QR,10,10.547,true,200,VALID
TRC-b2858c3a,QR,10,9.518,true,200,VALID
TRC-4f0423b6,QR,10,22.530,true,200,VALID
TRC-f691705d,QR,10,22.720,true,200,VALID
TRC-b4ff9bf9,QR,10,22.954,true,200,VALID
TRC-15dfe09a,QR,10,9.398,true,200,VALID
TRC-06cb4fc0,QR,10,13.063,true,200,VALID
TRC-d2160ef9,QR,10,13.341,true,200,VALID
TRC-b33393bb,QR,10,39.913,true,200,VALID
TRC-ff5b3515,QR,10,35.779,true,200,VALID
TRC-85a22017,QR,10,30.273,true,200,VALID
TRC-340eb5c2,QR,10,30.295,true,200,VALID
TRC-c212631d,QR,10,20.466,true,200,VALID
TRC-87e02c26,QR,10,18.581,true,200,VALID
TRC-e979cd51,QR,10,10.380,true,200,VALID
TRC-78fc395d,QR,10,40.819,true,200,VALID
TRC-1ce21cc6,QR,10,28.372,true,200,VALID
TRC-8a97072f,QR,10,23.138,true,200,VALID
TRC-642bfca9,QR,10,24.199,true,200,VALID
TRC-dc77e1b3,QR,10,14.829,true,200,VALID
TRC-ccf3c53d,QR,10,9.243,true,200,VALID
TRC-67a06fc8,QR,10,13.614,true,200,VALID
TRC-af3e9dbd,QR,10,10.050,true,200,VALID
TRC-4a013e0f,QR,10,13.048,true,200,VALID
TRC-f0ab059b,QR,10,13.374,true,200,VALID
TRC-a86693f7,QR,10,37.523,true,200,VALID
TRC-290982d2,QR,10,32.000,true,200,VALID
TRC-c89b535d,QR,10,8.653,true,200,VALID
TRC-e25f0186,QR,10,27.623,true,200,VALID
TRC-cc9be7e7,QR,10,14.600,true,200,VALID
TRC-19a2d35b,QR,10,19.180,true,200,VALID
TRC-7c6fcbe8,QR,10,14.499,true,200,VALID
TRC-bfaf3da7,QR,10,14.511,true,200,VALID
TRC-5ef1c859,QR,10,26.203,true,200,VALID
TRC-1c0c48b5,QR,10,31.479,true,200,VALID
TRC-d8e40240,QR,10,30.684,true,200,VALID
TRC-8f06a3db,QR,10,24.258,true,200,VALID
TRC-1e803a95,QR,10,19.193,true,200,VALID
TRC-d289948c,QR,10,17.455,true,200,VALID
TRC-320884f8,QR,10,10.639,true,200,VALID
TRC-3dcd55cc,QR,10,27.590,true,200,VALID
TRC-a10c9eba,QR,10,75.533,true,200,VALID
TRC-fc115474,QR,10,13.151,true,200,VALID
TRC-20f5a30a,QR,10,20.008,true,200,VALID
TRC-55e1da8f,QR,10,21.980,true,200,VALID
TRC-bacc97f2,QR,10,24.062,true,200,VALID
TRC-1b9af8f4,QR,10,8.680,true,200,VALID
TRC-59de50cc,QR_OTP,10,55.401,true,200,VALID
TRC-7a8543d9,QR_OTP,10,129.879,true,200,VALID
TRC-37dc46b0,QR_OTP,10,130.423,true,200,VALID
TRC-b60583e8,QR_OTP,10,90.831,true,200,VALID
TRC-8db09423,QR_OTP,10,172.953,true,200,VALID
TRC-730b0307,QR_OTP,10,153.512,true,200,VALID
TRC-43e4147e,QR_OTP,10,105.422,true,200,VALID
TRC-5ce79d06,QR_OTP,10,121.404,true,200,VALID
TRC-e915f697,QR_OTP,10,122.461,true,200,VALID
TRC-0c8fd572,QR,10,13.813,true,200,VALID
TRC-74119686,QR,10,13.062,true,200,VALID
TRC-70b0c767,QR,10,9.190,true,200,VALID
TRC-19ca123c,QR,10,21.779,true,200,VALID
TRC-3c7c2b98,QR,10,21.727,true,200,VALID
TRC-b04d13e1,QR,10,32.477,true,200,VALID
TRC-eb8ae38e,QR,10,8.658,true,200,VALID
TRC-d8cf8f70,QR,10,14.183,true,200,VALID
TRC-44c11b35,QR,10,13.392,true,200,VALID
TRC-ce4d24dc,QR,10,19.958,true,200,VALID
TRC-03fd4c2d,QR,10,20.237,true,200,VALID
TRC-d1aec82c,QR,10,8.269,true,200,VALID
TRC-f7852383,QR,10,13.958,true,200,VALID
TRC-500e2347,QR,10,11.147,true,200,VALID
TRC-aa4e9962,QR,10,8.663,true,200,VALID
TRC-73002bcf,QR,10,10.200,true,200,VALID
TRC-5666c5ac,QR,10,13.394,true,200,VALID
TRC-54036676,QR,10,9.137,true,200,VALID
TRC-d1930db6,QR,10,9.066,true,200,VALID
TRC-a73f04ba,QR,10,20.110,true,200,VALID
TRC-80c0bb8f,QR,10,20.534,true,200,VALID
TRC-7bd08ee1,QR,10,20.339,true,200,VALID
TRC-97034c61,QR,10,68.367,true,200,VALID
TRC-d9f79a1d,QR,10,18.377,true,200,VALID
TRC-a5fcdbfa,QR,10,22.246,true,200,VALID
TRC-466ed78f,QR,10,17.499,true,200,VALID
TRC-2ea0a99d,QR,10,9.000,true,200,VALID
TRC-b5f168e5,QR,10,26.551,true,200,VALID
TRC-af9c4c8d,QR,10,17.483,true,200,VALID
TRC-1d415cec,QR,10,37.892,true,200,VALID
TRC-26823623,QR,10,14.828,true,200,VALID
TRC-81683473,QR,10,33.125,true,200,VALID
TRC-130c38ce,QR,10,27.704,true,200,VALID
TRC-681c00ce,QR,10,19.036,true,200,VALID
TRC-8fdb203c,QR,10,19.482,true,200,VALID
TRC-4ffdc177,QR,10,9.564,true,200,VALID
TRC-77817f7e,QR,10,12.884,true,200,VALID
TRC-6cdd7fb4,QR,10,9.009,true,200,VALID
TRC-ea08fd34,QR,10,8.882,true,200,VALID
TRC-d3a75c3a,QR,10,13.422,true,200,VALID
TRC-42be6905,QR,10,13.301,true,200,VALID
TRC-84d4cd78,QR,10,23.466,true,200,VALID
TRC-56f96a40,QR,10,13.066,true,200,VALID
TRC-9b83a9ee,QR,10,20.228,true,200,VALID
TRC-9ce6856c,QR,10,16.965,true,200,VALID
TRC-58f1a7a6,QR,10,15.423,true,200,VALID
TRC-c9fc96b0,QR,10,15.512,true,200,VALID
TRC-ea5e6354,QR,10,10.829,true,200,VALID
TRC-82a564b6,QR,10,9.052,true,200,VALID
TRC-9857012a,QR,10,14.679,true,200,VALID
TRC-7c0fdc21,QR,10,15.449,true,200,VALID
TRC-d7faaef9,QR,10,14.130,true,200,VALID
TRC-8c2afbf1,QR,10,9.954,true,200,VALID
TRC-73fb1ed8,QR,10,8.940,true,200,VALID
TRC-36398116,QR,10,9.001,true,200,VALID
TRC-e1692a6f,QR,10,13.580,true,200,VALID
TRC-3e1e36da,QR,10,9.024,true,200,VALID
TRC-c52e8c39,QR,10,30.053,true,200,VALID
TRC-35fb5e37,QR,10,35.826,true,200,VALID
TRC-4d2b7be6,QR,10,25.838,true,200,VALID
TRC-fbc4c723,QR,10,25.716,true,200,VALID
TRC-ec7646b9,QR,10,15.707,true,200,VALID
TRC-70d61983,QR,10,16.921,true,200,VALID
TRC-54ba8712,QR,10,9.736,true,200,VALID
TRC-f49c643d,QR,10,14.710,true,200,VALID
TRC-90812cda,QR,10,14.843,true,200,VALID
TRC-ba564339,QR,10,18.169,true,200,VALID
TRC-3326922e,QR,10,23.907,true,200,VALID
TRC-c430c865,QR,10,9.483,true,200,VALID
TRC-9d550a68,QR,10,22.255,true,200,VALID
TRC-219460fa,QR,10,14.002,true,200,VALID
TRC-11b5df7e,QR,10,14.295,true,200,VALID
TRC-fc713799,QR,10,18.668,true,200,VALID
TRC-61f3919b,QR,10,14.313,true,200,VALID
TRC-65fb704f,QR,10,9.166,true,200,VALID
TRC-307eea57,QR,10,38.171,true,200,VALID
TRC-faa51fe3,QR,10,23.970,true,200,VALID
TRC-8cfbd5a4,QR,10,24.269,true,200,VALID
TRC-670f34bf,QR,10,14.223,true,200,VALID
TRC-469aa391,QR,10,11.265,true,200,VALID
TRC-17fbb6aa,QR,10,9.729,true,200,VALID
TRC-66e144a9,QR,10,23.339,true,200,VALID
TRC-7cbf4b18,QR,10,12.886,true,200,VALID
TRC-2044f449,QR,10,8.944,true,200,VALID
TRC-e3f1805e,QR,10,18.768,true,200,VALID
TRC-1f465a53,QR,10,13.810,true,200,VALID
TRC-b08ed7f8,QR,10,17.792,true,200,VALID
TRC-c44b2fa6,QR,10,9.089,true,200,VALID
TRC-3d0f2582,QR,10,41.398,true,200,VALID
TRC-d81bb0ee,QR,10,41.313,true,200,VALID
TRC-c18ea63c,QR,10,32.377,true,200,VALID
TRC-7a05893e,QR,10,37.396,true,200,VALID
TRC-ba6b454e,QR,10,27.957,true,200,VALID
TRC-dfb4dd70,QR,10,15.959,true,200,VALID
TRC-d22ad466,QR,10,21.168,true,200,VALID
TRC-f2cba70a,QR,10,29.519,true,200,VALID
TRC-38ad37b5,QR,10,25.094,true,200,VALID
TRC-65106251,QR,10,19.383,true,200,VALID
TRC-d04587f7,QR,10,10.909,true,200,VALID
TRC-ef16fb1b,QR,10,13.133,true,200,VALID
TRC-f3565d76,QR,10,12.956,true,200,VALID
TRC-e751fc19,QR,10,80.798,true,200,VALID
TRC-fc9c22c9,QR,10,81.787,true,200,VALID
TRC-e0717c49,QR,10,81.570,true,200,VALID
TRC-a129a42e,QR,10,68.281,true,200,VALID
TRC-e70a22fb,QR,10,68.219,true,200,VALID
TRC-753e8e18,QR,10,50.580,true,200,VALID
TRC-6a112cbf,QR,10,25.972,true,200,VALID
TRC-0e47842b,QR,10,12.851,true,200,VALID
TRC-f38c5e90,QR,10,13.753,true,200,VALID
TRC-67be3c0e,QR,10,19.019,true,200,VALID
TRC-e6b67ad3,QR,10,26.774,true,200,VALID
TRC-e045c4fe,QR,10,13.933,true,200,VALID
TRC-9f6627e8,QR_OTP,10,197.686,true,200,VALID
TRC-0abb3465,QR_OTP,10,130.906,true,200,VALID
TRC-55432a25,QR_OTP,10,111.327,true,200,VALID
TRC-55424994,QR_OTP,10,91.700,true,200,VALID
TRC-2c7c223e,QR_OTP,10,111.329,true,200,VALID
TRC-251acd72,QR_OTP,10,53.844,true,200,VALID
TRC-5047a4b9,QR_OTP,10,113.207,true,200,VALID
TRC-f23c6bdb,QR_OTP,10,98.133,true,200,VALID
TRC-285842f8,QR_OTP,10,54.734,true,200,VALID
TRC-4b1b1fa4,QR_OTP,10,54.985,true,200,VALID
TRC-da743065,QR,10,13.685,true,200,VALID
TRC-7bc9f29c,QR,10,13.544,true,200,VALID
TRC-e82f9098,QR,10,23.772,true,200,VALID
TRC-2f731af6,QR,10,10.106,true,200,VALID
TRC-000befb7,QR,10,28.057,true,200,VALID
TRC-cd79fd5b,QR,10,28.600,true,200,VALID
TRC-fbc11e30,QR,10,28.232,true,200,VALID
TRC-e42286dc,QR,10,10.570,true,200,VALID
TRC-3b8a315c,QR,10,29.690,true,200,VALID
TRC-caab7baa,QR,10,9.778,true,200,VALID
TRC-592a0134,QR,10,21.735,true,200,VALID
TRC-5040b301,QR,10,21.741,true,200,VALID
TRC-ca4cf4fb,QR,10,22.012,true,200,VALID
TRC-15f24c26,QR,10,21.724,true,200,VALID
TRC-483b6098,QR,10,13.323,true,200,VALID
TRC-b220eb79,QR,10,12.290,true,200,VALID
TRC-53b925ab,QR,10,13.328,true,200,VALID
TRC-f56b8e92,QR,10,13.944,true,200,VALID
TRC-775f8976,QR,10,14.035,true,200,VALID
TRC-15f65328,QR,10,8.925,true,200,VALID
TRC-4c477a5d,QR,10,23.169,true,200,VALID
TRC-5ebb2de1,QR,10,19.169,true,200,VALID
TRC-cf952d84,QR,10,19.770,true,200,VALID
TRC-eeb117eb,QR,10,9.026,true,200,VALID
TRC-3b9dfca4,QR,10,9.243,true,200,VALID
TRC-d617adc5,QR,10,22.213,true,200,VALID
TRC-a2e1565f,QR,10,22.370,true,200,VALID
TRC-87bd541f,QR,10,16.056,true,200,VALID
TRC-1ec2bef9,QR,10,13.057,true,200,VALID
TRC-d781dfe1,QR,10,8.698,true,200,VALID
TRC-19023568,QR,10,14.693,true,200,VALID
TRC-c16c78ce,QR,10,16.058,true,200,VALID
TRC-93e78a31,QR,10,11.024,true,200,VALID
TRC-3e88f66d,QR,10,46.356,true,200,VALID
TRC-b026e8fc,QR,10,41.562,true,200,VALID
TRC-6bfd9682,QR,10,47.611,true,200,VALID
TRC-e400824f,QR,10,35.312,true,200,VALID
TRC-78b987db,QR,10,19.493,true,200,VALID
TRC-45e5dff2,QR,10,13.344,true,200,VALID
TRC-62138415,QR,10,17.233,true,200,VALID
TRC-5a45eaff,QR,10,16.162,true,200,VALID
TRC-d0c87ceb,QR,10,23.406,true,200,VALID
TRC-513eafc3,QR,10,15.150,true,200,VALID
TRC-846d4a06,QR,10,10.506,true,200,VALID
TRC-11212589,QR,10,23.956,true,200,VALID
TRC-ed75f32f,QR,10,23.843,true,200,VALID
TRC-ddada5d7,QR,10,15.263,true,200,VALID
TRC-46efb1ed,QR,10,14.988,true,200,VALID
TRC-5472aa48,QR,10,19.134,true,200,VALID
TRC-25ba0e88,QR,10,12.994,true,200,VALID
TRC-c45dd24f,QR,10,8.946,true,200,VALID
TRC-7e72268b,QR,10,9.551,true,200,VALID
TRC-bdfcb0c6,QR,10,15.478,true,200,VALID
TRC-0816ed1e,QR,10,11.056,true,200,VALID
TRC-6efa5cee,QR,10,9.184,true,200,VALID
TRC-cf080bcc,QR,10,17.192,true,200,VALID
TRC-0b1f7a2e,QR,10,13.183,true,200,VALID
TRC-de69946a,QR,10,8.612,true,200,VALID
TRC-8fc3c37c,QR,10,14.741,true,200,VALID
TRC-ffdf6e24,QR,10,26.935,true,200,VALID
TRC-c60448f8,QR,10,19.480,true,200,VALID
TRC-5314a685,QR,10,9.098,true,200,VALID
TRC-4d93533f,QR,10,9.010,true,200,VALID
TRC-b0458ef5,QR,10,9.082,true,200,VALID
TRC-3060e18a,QR,10,19.734,true,200,VALID
TRC-9f7a1e20,QR,10,19.598,true,200,VALID
TRC-40a7ce7a,QR,10,9.275,true,200,VALID
TRC-4dfdef1c,QR,10,13.852,true,200,VALID
TRC-340b0731,QR,10,14.117,true,200,VALID
TRC-c1e33961,QR,10,29.001,true,200,VALID
TRC-9660161e,QR,10,29.124,true,200,VALID
TRC-6ec15a4b,QR,10,36.761,true,200,VALID
TRC-c35549ce,QR,10,9.447,true,200,VALID
TRC-49fe567a,QR_OTP,10,57.862,true,200,VALID
TRC-23147675,QR_OTP,10,48.035,true,200,VALID
TRC-779bd76d,QR_OTP,10,41.822,true,200,VALID
TRC-4759bfd1,QR_OTP,10,138.903,true,200,VALID
TRC-91f8c686,QR_OTP,10,111.966,true,200,VALID
TRC-d54e2ad0,QR,25,164.077,true,200,VALID
TRC-8b7b9fba,QR,25,164.082,true,200,VALID
TRC-adba7b7c,QR,25,83.541,true,200,VALID
TRC-61eae1fa,QR,10,9.078,true,200,VALID
TRC-a083a1a4,QR,10,21.492,true,200,VALID
TRC-6052b12e,QR,10,20.916,true,200,VALID
TRC-b76bff01,QR,10,21.134,true,200,VALID
TRC-53fb06d6,QR,10,8.857,true,200,VALID
TRC-9c77f221,QR,10,27.261,true,200,VALID
TRC-80e7785a,QR,10,27.723,true,200,VALID
TRC-de287e43,QR,10,14.203,true,200,VALID
TRC-2ccabb07,QR,10,18.918,true,200,VALID
TRC-2d3a6d6c,QR,10,13.294,true,200,VALID
TRC-e6b39fac,QR,10,19.326,true,200,VALID
TRC-1f46030c,QR,10,13.748,true,200,VALID
TRC-0c476379,QR,10,13.556,true,200,VALID
TRC-774ff911,QR,10,14.079,true,200,VALID
TRC-a8448924,QR,10,9.023,true,200,VALID
TRC-8a3e3543,QR,10,39.110,true,200,VALID
TRC-a17562d9,QR,10,36.995,true,200,VALID
TRC-37f2c08f,QR,10,35.806,true,200,VALID
TRC-ddf0c923,QR,10,35.917,true,200,VALID
TRC-9384c579,QR,10,24.590,true,200,VALID
TRC-dc5dc7aa,QR,10,25.209,true,200,VALID
TRC-dfb9fbcd,QR,10,25.350,true,200,VALID
TRC-456a02fc,QR,10,13.847,true,200,VALID
TRC-802d5da4,QR,10,8.611,true,200,VALID
TRC-238f1d35,QR,10,14.472,true,200,VALID
TRC-19110f8a,QR,10,16.556,true,200,VALID
TRC-5a00d9e1,QR,10,11.759,true,200,VALID
TRC-f96f63b3,QR,10,19.368,true,200,VALID
TRC-e88402d2,QR,10,14.136,true,200,VALID
TRC-98947695,QR,10,8.998,true,200,VALID
TRC-1bd20126,QR,10,8.792,true,200,VALID
TRC-01b4a4d9,QR,10,26.580,true,200,VALID
TRC-83c9ef96,QR,10,19.949,true,200,VALID
TRC-ab71993a,QR,10,14.089,true,200,VALID
TRC-736b0c08,QR,10,13.741,true,200,VALID
TRC-b704a8bc,QR,10,17.715,true,200,VALID
TRC-a6027241,QR,10,14.407,true,200,VALID
TRC-8d500d99,QR,10,14.908,true,200,VALID
TRC-46a2c1f8,QR,10,8.582,true,200,VALID
TRC-ca1578b0,QR,10,10.644,true,200,VALID
TRC-d0fc1e69,QR_OTP,10,38.269,true,200,VALID
TRC-08729646,QR,10,17.698,true,200,VALID
TRC-fdd11a78,QR,10,18.195,true,200,VALID
TRC-9a72eb80,QR,10,9.161,true,200,VALID
TRC-a3520157,QR,10,18.774,true,200,VALID
TRC-fe636320,QR,10,23.527,true,200,VALID
TRC-96fadec1,QR,10,13.704,true,200,VALID
TRC-8fe705b6,QR,10,24.321,true,200,VALID
TRC-a9836db1,QR,10,28.189,true,200,VALID
TRC-3c34af2b,QR_OTP,10,47.970,true,200,VALID
TRC-5abd5b36,QR_OTP,10,42.333,true,200,VALID
TRC-00e4f5af,QR_OTP,10,59.709,true,200,VALID
TRC-83e25938,QR_OTP,10,41.677,true,200,VALID
TRC-eb715a07,QR_OTP,10,61.779,true,200,VALID
TRC-247e8ee6,QR_OTP,10,56.773,true,200,VALID
TRC-99115ab1,QR_OTP,10,38.683,true,200,VALID
TRC-65f68952,QR_OTP,10,55.002,true,200,VALID
TRC-cfc20c5e,QR_OTP,10,44.665,true,200,VALID
TRC-6421c8bb,QR_OTP,10,50.427,true,200,VALID
TRC-8ad3352b,QR_OTP,10,37.859,true,200,VALID
TRC-95d02cd7,QR_OTP,10,48.441,true,200,VALID
TRC-da15b166,QR_OTP,10,48.309,true,200,VALID
TRC-734ecc91,QR_OTP,10,38.133,true,200,VALID
TRC-ab5dfd6d,QR_OTP,10,54.964,true,200,VALID
TRC-4f6c1040,QR_OTP,10,57.728,true,200,VALID
TRC-9c21b440,QR_OTP,10,55.120,true,200,VALID
TRC-1e479d58,QR_OTP,10,49.193,true,200,VALID
TRC-dd481d03,QR_OTP,10,130.682,true,200,VALID
TRC-c93a4ae7,QR_OTP,10,84.118,true,200,VALID
TRC-2bb29847,QR_OTP,10,139.688,true,200,VALID
TRC-4a0b8dc9,QR_OTP,10,130.465,true,200,VALID
TRC-733b8b81,QR_OTP,10,140.326,true,200,VALID
TRC-8c2a5efb,QR_OTP,10,83.412,true,200,VALID
TRC-a4c97635,QR_OTP,10,203.696,true,200,VALID
TRC-44746f64,QR_OTP,10,186.762,true,200,VALID
TRC-7f041692,QR_OTP,10,187.584,true,200,VALID
TRC-a280ffec,QR_OTP,10,180.889,true,200,VALID
TRC-eabca33b,QR_OTP,25,110.469,true,200,VALID
TRC-d204c819,QR_OTP,25,55.973,true,200,VALID
TRC-72625cfd,QR,10,17.435,true,200,VALID
TRC-0687bbf8,QR,10,9.094,true,200,VALID
TRC-0b699320,QR,10,18.678,true,200,VALID
TRC-a5f3b414,QR,10,29.596,true,200,VALID
TRC-c826276e,QR,10,23.847,true,200,VALID
TRC-e65caf4a,QR,10,24.252,true,200,VALID
TRC-c50de341,QR,10,28.924,true,200,VALID
TRC-9c074f7e,QR,10,29.194,true,200,VALID
TRC-c734c95b,QR,10,19.477,true,200,VALID
TRC-4ec4c58e,QR,10,10.689,true,200,VALID
TRC-90df4795,QR,10,8.973,true,200,VALID
TRC-726295a2,QR,10,14.245,true,200,VALID
TRC-44164462,QR,10,10.887,true,200,VALID
TRC-620744b8,QR,10,21.755,true,200,VALID
TRC-65d0972f,QR,10,21.818,true,200,VALID
TRC-ae8ad7bf,QR,10,17.813,true,200,VALID
TRC-9e7ba29d,QR,10,17.661,true,200,VALID
TRC-b6997e89,QR,10,26.517,true,200,VALID
TRC-525b2eed,QR,10,22.445,true,200,VALID
TRC-17dfa6c2,QR,10,18.179,true,200,VALID
TRC-9fdf49d7,QR,10,18.578,true,200,VALID
TRC-3f5f58d1,QR,10,13.349,true,200,VALID
TRC-6549d86a,QR_OTP,10,119.833,true,200,VALID
TRC-ad563adb,QR_OTP,10,39.892,true,200,VALID
TRC-3b35b108,QR_OTP,10,91.663,true,200,VALID
TRC-1103b205,QR_OTP,10,203.612,true,200,VALID
TRC-ecf84f3d,QR_OTP,10,204.234,true,200,VALID
TRC-74969650,QR_OTP,10,63.522,true,200,VALID
TRC-5ca21dcb,QR_OTP,10,36.416,true,200,VALID
TRC-72b811ab,QR_OTP,10,68.655,true,200,VALID
TRC-a1f2d395,PASSWORD,25,1744.995,true,200,VALID
TRC-010af0aa,OTP,25,45.662,true,200,VALID
TRC-06a3d3a3,OTP,25,45.610,true,200,VALID
TRC-9e3df16a,OTP,25,48.888,true,200,VALID
TRC-1de4113e,OTP,25,49.244,true,200,VALID
TRC-6f41a3ad,OTP,25,49.771,true,200,VALID
TRC-675019cf,OTP,25,49.629,true,200,VALID
TRC-071d6fa5,QR_OTP,10,195.460,true,200,VALID
TRC-e6711d38,QR_OTP,10,195.540,true,200,VALID
TRC-b9fa4550,QR_OTP,10,195.575,true,200,VALID
TRC-6433525c,QR_OTP,10,195.633,true,200,VALID
TRC-8c95f3bb,QR_OTP,10,195.616,true,200,VALID
TRC-6dee268f,QR_OTP,10,195.605,true,200,VALID
TRC-0073fe83,QR_OTP,10,196.331,true,200,VALID
TRC-fc02b655,QR_OTP,10,196.056,true,200,VALID
TRC-bca205e9,QR_OTP,10,197.607,true,200,VALID
TRC-f3e98ab0,QR_OTP,10,58.605,true,200,VALID
TRC-0f0003ed,QR_OTP,10,52.669,true,200,VALID
TRC-b2a3a19f,QR_OTP,10,61.081,true,200,VALID
TRC-2b39f571,QR_OTP,10,164.638,true,200,VALID
TRC-315688e5,QR_OTP,10,133.644,true,200,VALID
TRC-65857aa6,QR_OTP,10,100.508,true,200,VALID
TRC-bc290869,QR_OTP,10,99.889,true,200,VALID
TRC-68c19610,QR_OTP,10,101.059,true,200,VALID
TRC-5145baec,QR_OTP,10,134.621,true,200,VALID
TRC-413edca5,QR_OTP,10,100.346,true,200,VALID
TRC-fc6e2abb,QR_OTP,10,63.501,true,200,VALID
TRC-7ad1eae1,QR_OTP,10,121.760,true,200,VALID
TRC-0f8b6ea1,QR_OTP,25,240.781,true,200,VALID
TRC-79ab82dd,QR_OTP,25,151.043,true,200,VALID
TRC-3dfde0d6,QR_OTP,25,151.918,true,200,VALID
TRC-1b4773f4,QR_OTP,25,126.749,true,200,VALID
TRC-456780f7,QR_OTP,25,191.206,true,200,VALID
TRC-45914167,QR_OTP,25,103.659,true,200,VALID
TRC-cc8e53bb,QR_OTP,25,88.921,true,200,VALID
TRC-04feac2b,QR_OTP,25,69.903,true,200,VALID
TRC-5118cfd8,QR_OTP,10,41.067,true,200,VALID
TRC-8c09c08f,QR_OTP,10,39.511,true,200,VALID
TRC-12b96802,QR_OTP,10,52.769,true,200,VALID
TRC-264ecd0c,QR_OTP,10,50.698,true,200,VALID
TRC-4084c0bc,QR_OTP,10,50.380,true,200,VALID
TRC-436e4de2,QR_OTP,10,40.627,true,200,VALID
TRC-76103eb4,QR_OTP,10,57.854,true,200,VALID
TRC-92749f8c,QR_OTP,10,57.623,true,200,VALID
TRC-81ec6d17,QR_OTP,10,57.947,true,200,VALID
TRC-731a460f,QR_OTP,10,50.010,true,200,VALID
TRC-3d13cfe8,QR_OTP,10,56.489,true,200,VALID
TRC-c5c39c08,QR_OTP,10,48.960,true,200,VALID
TRC-5723f13a,QR_OTP,10,41.269,true,200,VALID
TRC-218cd9b4,QR_OTP,10,44.199,true,200,VALID
TRC-b439bc54,QR_OTP,10,135.798,true,200,VALID
TRC-d9f336b7,QR_OTP,10,65.877,true,200,VALID
TRC-8762f0a8,QR_OTP,10,49.598,true,200,VALID
TRC-0fb0bbb0,QR_OTP,10,47.473,true,200,VALID
TRC-04c86e02,QR_OTP,10,61.802,true,200,VALID
TRC-5e7bba49,QR_OTP,10,50.696,true,200,VALID
TRC-8c065df2,QR_OTP,10,44.195,true,200,VALID
TRC-ab3d5c45,QR_OTP,10,52.419,true,200,VALID
TRC-160f130e,QR_OTP,10,65.681,true,200,VALID
TRC-c4146df1,QR_OTP,10,66.108,true,200,VALID
TRC-cd36c4d3,QR_OTP,10,65.646,true,200,VALID
TRC-c48bf437,QR_OTP,10,61.026,true,200,VALID
TRC-155ddf88,QR_OTP,10,45.049,true,200,VALID
TRC-9d9e2e52,QR_OTP,10,40.973,true,200,VALID
TRC-8c464629,QR_OTP,10,40.332,true,200,VALID
TRC-051d549c,QR_OTP,10,43.959,true,200,VALID
TRC-6a58513a,QR,25,35.679,true,200,VALID
TRC-c9032422,QR,25,41.573,true,200,VALID
TRC-763a9c58,QR,25,328.300,true,200,VALID
TRC-e905a015,QR_OTP,25,240.494,true,200,VALID
TRC-dbd2d1e6,QR_OTP,25,240.849,true,200,VALID
TRC-1831f0ab,QR_OTP,25,241.332,true,200,VALID
TRC-88f76e3c,QR_OTP,25,150.648,true,200,VALID
TRC-6986ac9a,QR_OTP,25,126.716,true,200,VALID
TRC-da3933a7,QR_OTP,25,108.891,true,200,VALID
TRC-383f18ec,QR_OTP,10,36.323,true,200,VALID
TRC-e02c1ac6,QR_OTP,10,42.412,true,200,VALID
TRC-eb136d83,QR_OTP,10,56.696,true,200,VALID
TRC-e2b9b0e7,QR_OTP,10,57.315,true,200,VALID
TRC-897a5384,QR_OTP,10,45.579,true,200,VALID
TRC-1496bba6,QR_OTP,10,37.855,true,200,VALID
TRC-6851e00f,QR_OTP,10,51.421,true,200,VALID
TRC-1a40f5c6,QR_OTP,10,74.242,true,200,VALID
TRC-aa7c0725,QR_OTP,10,74.340,true,200,VALID
TRC-84540574,QR_OTP,10,60.348,true,200,VALID
TRC-94de9858,QR_OTP,10,70.138,true,200,VALID
TRC-8eb63ff6,QR_OTP,10,40.529,true,200,VALID
TRC-30765c14,QR_OTP,10,40.619,true,200,VALID
TRC-7f304fc9,QR_OTP,10,85.287,true,200,VALID
TRC-83899803,QR_OTP,10,90.139,true,200,VALID
TRC-baa3dba2,QR_OTP,10,57.218,true,200,VALID
TRC-e64990e6,QR_OTP,10,36.126,true,200,VALID
TRC-ccc0a0a5,QR,25,191.375,true,200,VALID
TRC-c677c99c,QR,25,194.937,true,200,VALID
TRC-28ea7007,QR,25,132.857,true,200,VALID
TRC-8ca75011,QR,25,122.751,true,200,VALID
TRC-5323b0ad,QR,25,144.940,true,200,VALID
TRC-10497866,QR,25,146.164,true,200,VALID
TRC-e321f911,QR,25,102.115,true,200,VALID
TRC-628ccfdc,QR,25,109.134,true,200,VALID
TRC-0c949da3,QR,25,108.776,true,200,VALID
TRC-c919f75f,QR,25,73.874,true,200,VALID
TRC-69e6510f,QR,25,127.348,true,200,VALID
TRC-ef7f655b,QR,25,122.591,true,200,VALID
TRC-b4e9df99,QR,25,121.925,true,200,VALID
TRC-dafa5f86,QR,25,121.724,true,200,VALID
TRC-34a6feff,QR,25,121.638,true,200,VALID
TRC-b7f2cbce,QR,25,79.726,true,200,VALID
TRC-9e9adee8,QR,25,100.960,true,200,VALID
TRC-1a172eb8,QR_OTP,10,88.204,true,200,VALID
TRC-0b41a10b,QR_OTP,10,57.085,true,200,VALID
TRC-b85da3da,QR_OTP,10,58.001,true,200,VALID
TRC-69af0b3e,QR_OTP,10,48.437,true,200,VALID
TRC-117b7c31,QR_OTP,10,145.505,true,200,VALID
TRC-1d5fdc98,QR_OTP,10,174.283,true,200,VALID
TRC-cdfe5291,QR_OTP,10,129.494,true,200,VALID
TRC-c88396c8,QR_OTP,10,134.190,true,200,VALID
TRC-dae8269c,QR_OTP,10,94.698,true,200,VALID
TRC-793fda91,QR_OTP,10,136.716,true,200,VALID
TRC-02c71b1a,QR_OTP,10,159.573,true,200,VALID
TRC-696e82a0,PASSWORD,25,1744.875,true,200,VALID
TRC-78a8310a,PASSWORD,25,1744.909,true,200,VALID
TRC-93a8ef55,PASSWORD,25,1744.906,true,200,VALID
TRC-649a2ab2,PASSWORD,25,1744.900,true,200,VALID
TRC-5c9f1cc5,PASSWORD,25,1744.948,true,200,VALID
TRC-e9816ba8,PASSWORD,25,1745.027,true,200,VALID
TRC-b726cf3f,PASSWORD,25,1745.043,true,200,VALID
TRC-e8d99983,PASSWORD,25,1745.049,true,200,VALID
TRC-1ff5f121,PASSWORD,25,1745.054,true,200,VALID
TRC-f8bc1f66,PASSWORD,25,1745.057,true,200,VALID
TRC-8a383c1b,PASSWORD,25,1668.399,true,200,VALID
TRC-98fde902,PASSWORD,25,1668.681,true,200,VALID
TRC-877004a9,PASSWORD,25,1669.001,true,200,VALID
TRC-14684340,PASSWORD,25,1668.586,true,200,VALID
TRC-d39c4e4f,PASSWORD,25,1668.496,true,200,VALID
TRC-09419415,PASSWORD,25,1668.814,true,200,VALID
TRC-67831f30,PASSWORD,25,1458.865,true,200,VALID
TRC-71974455,PASSWORD,25,1458.613,true,200,VALID
TRC-ab9c426f,PASSWORD,25,1459.234,true,200,VALID
TRC-8efa0743,PASSWORD,25,1458.594,true,200,VALID
TRC-f4ce70f4,PASSWORD,25,1458.356,true,200,VALID
TRC-6e8a2461,PASSWORD,25,1458.006,true,200,VALID
TRC-b8f339ff,PASSWORD,25,1457.929,true,200,VALID
TRC-4f3c2d72,PASSWORD,25,1457.850,true,200,VALID
TRC-ca1eac81,PASSWORD,25,1457.765,true,200,VALID
TRC-430cd2f7,PASSWORD,25,1457.945,true,200,VALID
TRC-36c655ed,PASSWORD,25,1457.561,true,200,VALID
TRC-1eee810f,PASSWORD,25,1457.689,true,200,VALID
TRC-2cb49c81,PASSWORD,25,1457.537,true,200,VALID
TRC-197e0486,QR_OTP,10,145.303,true,200,VALID
TRC-f5c48798,QR_OTP,10,83.507,true,200,VALID
TRC-6311a9a0,QR_OTP,10,104.498,true,200,VALID
TRC-e78e946c,QR_OTP,10,104.993,true,200,VALID
TRC-c561e5d3,QR_OTP,10,68.445,true,200,VALID
TRC-feb3bba1,QR_OTP,10,105.073,true,200,VALID
TRC-99b9a91c,QR_OTP,10,113.831,true,200,VALID
TRC-c3ba3771,QR_OTP,10,64.014,true,200,VALID
TRC-9b51f901,QR_OTP,10,63.749,true,200,VALID
TRC-fb323bd8,QR_OTP,10,69.450,true,200,VALID
TRC-473294a6,QR_OTP,10,73.651,true,200,VALID
TRC-cb613184,QR_OTP,10,81.828,true,200,VALID
TRC-ea0c7e62,QR_OTP,10,72.007,true,200,VALID
TRC-a691a0ba,QR_OTP,10,64.245,true,200,VALID
TRC-afc1ddfa,QR_OTP,10,59.618,true,200,VALID
TRC-9a459c25,QR_OTP,10,52.829,true,200,VALID
TRC-a4990b41,QR_OTP,10,55.137,true,200,VALID
TRC-3d8554b3,QR_OTP,10,52.573,true,200,VALID
TRC-c5f27143,QR_OTP,10,54.353,true,200,VALID
TRC-4374340f,QR_OTP,10,40.372,true,200,VALID
TRC-ac2e1ba5,QR_OTP,10,86.286,true,200,VALID
TRC-f56e0a61,QR_OTP,10,69.725,true,200,VALID
TRC-81b3a848,QR_OTP,10,70.223,true,200,VALID
TRC-e9ae51a7,QR_OTP,10,64.035,true,200,VALID
TRC-6a5615a3,QR_OTP,10,75.584,true,200,VALID
TRC-743ee4e5,QR_OTP,10,68.992,true,200,VALID
TRC-5eec09db,QR_OTP,10,68.620,true,200,VALID
TRC-f2671a95,QR_OTP,10,77.157,true,200,VALID
TRC-6e7156ba,QR_OTP,10,69.905,true,200,VALID
TRC-363236af,QR_OTP,10,70.102,true,200,VALID
TRC-c5082f77,QR_OTP,10,107.385,true,200,VALID
TRC-10d1384d,QR_OTP,10,165.925,true,200,VALID
TRC-af7774c8,QR_OTP,10,114.584,true,200,VALID
TRC-fc4c18f7,QR_OTP,10,74.688,true,200,VALID
TRC-5d41e7ea,QR_OTP,10,120.214,true,200,VALID
TRC-52f673a1,QR_OTP,10,74.835,true,200,VALID
TRC-c3e2997c,QR_OTP,10,101.879,true,200,VALID
TRC-52f7be17,QR_OTP,10,168.244,true,200,VALID
TRC-8d77de7f,QR_OTP,10,129.277,true,200,VALID
TRC-de728c66,QR_OTP,10,77.863,true,200,VALID
TRC-545d8bfa,QR_OTP,10,70.529,true,200,VALID
TRC-44b37f29,QR_OTP,10,37.149,true,200,VALID
TRC-a332b382,QR_OTP,10,45.659,true,200,VALID
TRC-723f2271,QR_OTP,10,40.070,true,200,VALID
TRC-57b18dc4,QR_OTP,10,51.910,true,200,VALID
TRC-8ab19a5a,QR_OTP,10,42.730,true,200,VALID
TRC-b1fe978f,QR_OTP,10,42.984,true,200,VALID
TRC-92360f05,QR_OTP,10,40.009,true,200,VALID
TRC-67ed5f25,QR_OTP,10,172.132,true,200,VALID
TRC-9784c8ee,QR_OTP,10,137.522,true,200,VALID
TRC-473fdd24,QR_OTP,10,153.123,true,200,VALID
TRC-2d7d6d9d,QR_OTP,10,173.052,true,200,VALID
TRC-a25fdf07,QR_OTP,10,163.656,true,200,VALID
TRC-d960bd7b,QR_OTP,10,58.752,true,200,VALID
TRC-ac320edc,QR_OTP,10,67.743,true,200,VALID
TRC-3ea67e87,QR_OTP,10,83.792,true,200,VALID
TRC-425aef90,QR_OTP,10,146.764,true,200,VALID
TRC-8005d404,QR_OTP,10,44.852,true,200,VALID
TRC-82781cef,QR_OTP,10,36.358,true,200,VALID
TRC-f207de1c,QR_OTP,10,39.452,true,200,VALID
TRC-6035a58f,QR_OTP,10,45.326,true,200,VALID
TRC-7b34456a,QR_OTP,10,38.339,true,200,VALID
TRC-7cff5ef2,QR_OTP,10,35.227,true,200,VALID
TRC-ddb8da7e,QR_OTP,10,48.739,true,200,VALID
TRC-6a566824,QR_OTP,10,39.215,true,200,VALID
TRC-b4c42136,QR_OTP,10,35.241,true,200,VALID
TRC-61282ef6,QR_OTP,10,33.703,true,200,VALID
TRC-d3662a49,QR_OTP,10,43.280,true,200,VALID
TRC-00c0c2b4,QR_OTP,10,43.826,true,200,VALID
TRC-49c78b79,QR_OTP,10,39.998,true,200,VALID
TRC-c83204aa,QR_OTP,10,48.481,true,200,VALID
TRC-48fbba54,QR_OTP,10,34.667,true,200,VALID
TRC-d44aca80,QR_OTP,10,43.533,true,200,VALID
TRC-a97fa191,QR_OTP,10,41.212,true,200,VALID
TRC-3b19c375,QR_OTP,10,52.540,true,200,VALID
TRC-fe401a97,QR_OTP,10,36.260,true,200,VALID
TRC-480b2cf9,QR_OTP,10,41.883,true,200,VALID
TRC-9b7688e9,QR_OTP,10,43.230,true,200,VALID
TRC-bbfe7342,QR_OTP,10,46.366,true,200,VALID
TRC-1e0d0184,QR_OTP,10,48.584,true,200,VALID
TRC-c7c5b514,QR_OTP,10,63.468,true,200,VALID
TRC-5dadc807,QR_OTP,10,45.790,true,200,VALID
TRC-127e2a39,QR_OTP,10,58.826,true,200,VALID
TRC-2a3d51a1,QR_OTP,10,63.350,true,200,VALID
TRC-e05a4f03,QR_OTP,10,153.563,true,200,VALID
TRC-0052002d,QR_OTP,10,159.410,true,200,VALID
TRC-ebd16f17,QR_OTP,10,135.486,true,200,VALID
TRC-d1d175e8,QR_OTP,10,71.559,true,200,VALID
TRC-7d35e5c0,QR_OTP,10,89.197,true,200,VALID
TRC-4a0ecaec,QR_OTP,10,77.971,true,200,VALID
TRC-ab4dd535,QR_OTP,10,89.001,true,200,VALID
TRC-bfdae96c,QR_OTP,10,123.702,true,200,VALID
TRC-83debe88,QR_OTP,10,44.242,true,200,VALID
TRC-f9fd54f0,QR_OTP,10,72.372,true,200,VALID
TRC-e17732c5,QR_OTP,10,67.080,true,200,VALID
TRC-a311b356,QR_OTP,10,65.040,true,200,VALID
TRC-06d81125,QR_OTP,10,65.710,true,200,VALID
TRC-1d0e608e,QR_OTP,10,67.511,true,200,VALID
TRC-c1c26f66,QR_OTP,10,69.856,true,200,VALID
TRC-0118078a,QR_OTP,10,50.302,true,200,VALID
TRC-1d699cab,QR_OTP,10,51.058,true,200,VALID
TRC-1d8a920e,QR_OTP,10,42.879,true,200,VALID
TRC-14a877ba,QR_OTP,10,46.258,true,200,VALID
TRC-54c781d0,QR_OTP,10,49.147,true,200,VALID
TRC-546e7e88,QR_OTP,10,67.537,true,200,VALID
TRC-6136a0cc,QR_OTP,10,67.404,true,200,VALID
TRC-21acf6db,QR_OTP,10,41.732,true,200,VALID
TRC-ca659506,QR_OTP,10,48.478,true,200,VALID
TRC-1f4d465b,QR_OTP,10,51.306,true,200,VALID
TRC-5ed8745f,QR_OTP,10,61.295,true,200,VALID
TRC-800515c6,QR_OTP,10,45.042,true,200,VALID
TRC-db5afd8f,QR_OTP,10,44.990,true,200,VALID
TRC-06451412,QR_OTP,10,36.106,true,200,VALID
TRC-b6ac7ddd,QR_OTP,10,40.671,true,200,VALID
TRC-e9428182,QR_OTP,10,32.511,true,200,VALID
TRC-9e10e991,QR_OTP,10,35.877,true,200,VALID
TRC-1f79378d,QR_OTP,10,49.131,true,200,VALID
TRC-f75bd827,QR_OTP,10,45.802,true,200,VALID
TRC-a9f62ce1,PASSWORD,25,1744.752,true,200,VALID
TRC-3272d0f2,PASSWORD,25,1744.836,true,200,VALID
TRC-e5bfb945,PASSWORD,25,1744.805,true,200,VALID
TRC-686338db,PASSWORD,25,1744.834,true,200,VALID
TRC-faea01f9,PASSWORD,25,1744.784,true,200,VALID
TRC-9d0b5424,QR_OTP,10,61.240,true,200,VALID
TRC-71042db8,QR_OTP,10,58.665,true,200,VALID
TRC-002ffcfb,QR_OTP,10,48.313,true,200,VALID
TRC-4b85a038,QR_OTP,10,40.260,true,200,VALID
TRC-45fd4c15,OTP,25,30.889,true,200,VALID
TRC-5e42cf69,OTP,25,37.792,true,200,VALID
TRC-6f3aa43d,OTP,25,34.801,true,200,VALID
TRC-300d3741,OTP,25,37.817,true,200,VALID
TRC-ee19efd9,OTP,25,38.239,true,200,VALID
TRC-2f734979,OTP,25,35.505,true,200,VALID
TRC-9995512c,OTP,25,34.632,true,200,VALID
TRC-6a2dc657,OTP,25,35.211,true,200,VALID
TRC-1dcfeeac,OTP,25,28.018,true,200,VALID
TRC-ab419642,OTP,25,28.364,true,200,VALID
TRC-f45588c9,OTP,25,28.164,true,200,VALID
TRC-b64d52b8,OTP,25,30.177,true,200,VALID
TRC-798ffe3a,OTP,25,30.807,true,200,VALID
TRC-c5831f3f,OTP,25,30.947,true,200,VALID
TRC-f2c091d2,OTP,25,36.324,true,200,VALID
TRC-67dbfa0d,OTP,25,35.860,true,200,VALID
TRC-1614bde8,OTP,25,35.942,true,200,VALID
TRC-c9032aff,OTP,25,36.011,true,200,VALID
TRC-ea12a513,OTP,25,36.336,true,200,VALID
TRC-c2c94a53,OTP,25,29.766,true,200,VALID
TRC-071e5452,OTP,25,30.019,true,200,VALID
TRC-21b64484,OTP,25,30.164,true,200,VALID
TRC-8ac70f58,OTP,25,30.369,true,200,VALID
TRC-cbe63398,OTP,25,27.184,true,200,VALID
TRC-1d6a492b,OTP,25,27.933,true,200,VALID
TRC-de9cc2ff,OTP,25,28.421,true,200,VALID
TRC-d5e63bcf,OTP,25,29.156,true,200,VALID
TRC-92b05f14,OTP,25,27.573,true,200,VALID
TRC-026e1e3a,OTP,25,45.370,true,200,VALID
TRC-c4592226,OTP,25,662.304,true,200,VALID
TRC-7612eec9,QR,25,163.890,true,200,VALID
TRC-ca5e035b,QR,25,76.579,true,200,VALID
TRC-f40689a4,QR,25,136.174,true,200,VALID
TRC-3ee75d62,QR,25,123.048,true,200,VALID
TRC-2c80597c,QR,25,84.018,true,200,VALID
TRC-3da3cece,QR,25,91.372,true,200,VALID
TRC-80df8902,QR,25,107.370,true,200,VALID
TRC-d1d31b56,QR_OTP,10,63.420,true,200,VALID
TRC-a40b1dcc,QR_OTP,10,34.423,true,200,VALID
TRC-bfbc8be1,QR_OTP,10,63.071,true,200,VALID
TRC-5e231774,QR_OTP,10,63.605,true,200,VALID
TRC-6f7d277c,QR_OTP,10,54.304,true,200,VALID
TRC-bf3898a9,QR_OTP,10,59.877,true,200,VALID
TRC-2db524c1,QR_OTP,10,44.905,true,200,VALID
TRC-95023291,QR_OTP,10,60.285,true,200,VALID
TRC-1ce85ae3,QR_OTP,10,66.258,true,200,VALID
TRC-8cd38238,QR_OTP,10,46.479,true,200,VALID
TRC-96a32389,QR_OTP,10,51.751,true,200,VALID
TRC-b8ca63b1,QR_OTP,10,46.855,true,200,VALID
TRC-cfaedf2c,QR_OTP,10,55.523,true,200,VALID
TRC-650fb802,QR_OTP,10,56.054,true,200,VALID
TRC-ad959d15,QR_OTP,10,60.759,true,200,VALID
TRC-d456fce2,QR_OTP,10,66.392,true,200,VALID
TRC-a82b8310,QR_OTP,10,61.171,true,200,VALID
TRC-f1781340,QR_OTP,10,66.173,true,200,VALID
TRC-de4584b9,QR_OTP,10,50.813,true,200,VALID
TRC-df4fa91f,QR_OTP,10,45.600,true,200,VALID
TRC-e80e6802,QR_OTP,10,59.603,true,200,VALID
TRC-f9c77dd1,QR_OTP,10,62.328,true,200,VALID
TRC-c3b626b4,QR_OTP,10,67.362,true,200,VALID
TRC-b974e0ca,QR_OTP,10,46.853,true,200,VALID
TRC-4cfb9b01,QR_OTP,10,48.247,true,200,VALID
TRC-6a2bf037,QR_OTP,10,48.301,true,200,VALID
TRC-08456b9e,QR_OTP,10,59.191,true,200,VALID
TRC-68254d2d,QR_OTP,10,59.030,true,200,VALID
TRC-aeac8762,QR_OTP,10,39.722,true,200,VALID
TRC-60ede512,QR_OTP,10,52.858,true,200,VALID
TRC-6ae7560a,QR_OTP,10,53.314,true,200,VALID
TRC-6beffc45,PASSWORD,25,1744.811,true,200,VALID
TRC-981f84be,PASSWORD,25,1744.827,true,200,VALID
TRC-c31f3156,PASSWORD,25,1744.878,true,200,VALID
TRC-f81a24b6,PASSWORD,25,1744.940,true,200,VALID
TRC-1e2d8949,PASSWORD,25,1744.963,true,200,VALID
TRC-30f25507,PASSWORD,25,1744.992,true,200,VALID
TRC-5ec2fc46,PASSWORD,25,1744.857,true,200,VALID
TRC-713e3bb2,PASSWORD,25,1744.824,true,200,VALID
TRC-b8510495,PASSWORD,25,1744.907,true,200,VALID
TRC-6a89b3eb,OTP,25,49.412,true,200,VALID
TRC-3686e55b,OTP,25,49.716,true,200,VALID
TRC-553be98f,OTP,25,49.394,true,200,VALID
TRC-1b59f022,OTP,25,49.712,true,200,VALID
TRC-c8ad097b,OTP,25,49.702,true,200,VALID
TRC-01b033f1,OTP,25,49.632,true,200,VALID
TRC-8564983c,OTP,25,49.602,true,200,VALID
TRC-df40d8c0,OTP,25,49.596,true,200,VALID
TRC-cb6e7473,OTP,25,49.466,true,200,VALID
TRC-03f849df,OTP,25,49.531,true,200,VALID
TRC-a7cef0da,OTP,25,49.422,true,200,VALID
TRC-73e867a5,OTP,25,49.942,true,200,VALID
TRC-75678c4a,OTP,25,30.444,true,200,VALID
TRC-4b759a59,OTP,25,28.309,true,200,VALID
TRC-93d92822,OTP,25,27.749,true,200,VALID
TRC-848e9f0d,OTP,25,28.913,true,200,VALID
TRC-fd4c0d68,OTP,25,31.406,true,200,VALID
TRC-7c697724,OTP,25,28.528,true,200,VALID
TRC-bcc799de,OTP,25,33.768,true,200,VALID
TRC-879c70b0,OTP,25,32.529,true,200,VALID
TRC-26debe12,OTP,25,32.748,true,200,VALID
TRC-62e797bc,OTP,25,34.633,true,200,VALID
TRC-8cfbb76a,OTP,25,27.810,true,200,VALID
TRC-0c39e051,OTP,25,36.959,true,200,VALID
TRC-006f2a95,OTP,25,37.945,true,200,VALID
TRC-d6c4e167,OTP,25,37.070,true,200,VALID
TRC-e58ba663,OTP,25,35.616,true,200,VALID
TRC-91658c72,OTP,25,36.389,true,200,VALID
TRC-62d12296,OTP,25,35.527,true,200,VALID
TRC-f3394533,OTP,25,34.849,true,200,VALID
TRC-1a3fd1f7,OTP,25,35.307,true,200,VALID
TRC-561ffb90,OTP,25,35.493,true,200,VALID
TRC-c76444c1,OTP,25,35.223,true,200,VALID
TRC-f45fa35b,PASSWORD,25,1457.382,true,200,VALID
TRC-21a91b2b,PASSWORD,25,1457.168,true,200,VALID
TRC-ba511452,PASSWORD,25,1457.191,true,200,VALID
TRC-609e89bd,PASSWORD,25,1457.320,true,200,VALID
TRC-bd5eab71,PASSWORD,25,1480.266,true,200,VALID
TRC-6322f0ad,PASSWORD,25,1480.464,true,200,VALID
TRC-c5b01fe9,PASSWORD,25,508.878,true,200,VALID
TRC-cd1d2aff,PASSWORD,25,1312.767,true,200,VALID
TRC-6dda3d8c,PASSWORD,25,1390.666,true,200,VALID
TRC-9bbf24dc,PASSWORD,25,1312.337,true,200,VALID
TRC-f5321fe8,PASSWORD,25,1312.608,true,200,VALID
TRC-d92d97c4,PASSWORD,25,1311.356,true,200,VALID
TRC-dcfaa11e,PASSWORD,25,1311.661,true,200,VALID
TRC-1ad594cd,PASSWORD,25,1312.677,true,200,VALID
TRC-074c5ce2,PASSWORD,25,1311.841,true,200,VALID
TRC-af8278bb,PASSWORD,25,1312.741,true,200,VALID
TRC-53fc01e0,PASSWORD,25,1312.532,true,200,VALID
TRC-979a736a,PASSWORD,25,1311.544,true,200,VALID
TRC-0206cae9,PASSWORD,25,1312.050,true,200,VALID
TRC-f3bf3dc8,PASSWORD,25,1610.288,true,200,VALID
TRC-10c0830f,PASSWORD,25,1610.610,true,200,VALID
TRC-0a828604,PASSWORD,25,1674.125,true,200,VALID
TRC-2cb901e1,PASSWORD,25,1677.677,true,200,VALID
TRC-07b9d3de,PASSWORD,25,1677.852,true,200,VALID
TRC-a7d3498d,PASSWORD,25,1677.724,true,200,VALID
TRC-afcc3483,PASSWORD,25,1677.635,true,200,VALID
TRC-8dc1fdad,PASSWORD,25,1486.046,true,200,VALID
TRC-502a7ff5,PASSWORD,25,1486.676,true,200,VALID
TRC-3cad4df1,PASSWORD,25,1487.076,true,200,VALID
TRC-0b197d74,PASSWORD,25,1488.626,true,200,VALID
TRC-f5ce51c6,PASSWORD,25,1486.423,true,200,VALID
TRC-6d7f26e7,PASSWORD,25,1485.458,true,200,VALID
TRC-e552362f,PASSWORD,25,846.152,true,200,VALID
TRC-b5612904,PASSWORD,25,846.394,true,200,VALID
TRC-f51e782f,PASSWORD,25,846.963,true,200,VALID
TRC-3c7cb909,PASSWORD,25,846.299,true,200,VALID
TRC-d903f708,PASSWORD,25,847.164,true,200,VALID
TRC-49a2294e,PASSWORD,25,847.075,true,200,VALID
TRC-4977f113,PASSWORD,25,847.697,true,200,VALID
TRC-0d8aeea4,PASSWORD,25,845.382,true,200,VALID
TRC-55a5f2f3,PASSWORD,25,847.204,true,200,VALID
TRC-a798a6dc,PASSWORD,25,847.408,true,200,VALID
TRC-88714f08,PASSWORD,25,845.726,true,200,VALID
TRC-2e552b0d,PASSWORD,25,846.550,true,200,VALID
TRC-fee8ce6c,PASSWORD,25,846.799,true,200,VALID
TRC-b2aad310,OTP,25,48.790,true,200,VALID
TRC-b62974f2,OTP,25,48.882,true,200,VALID
TRC-a88f8367,OTP,25,49.142,true,200,VALID
TRC-1cf7c7b8,OTP,25,49.064,true,200,VALID
TRC-feace023,OTP,25,49.517,true,200,VALID
TRC-18d35d25,OTP,25,49.463,true,200,VALID
TRC-bda8d3de,OTP,25,50.264,true,200,VALID
TRC-50dbcc50,OTP,25,29.181,true,200,VALID
TRC-299cb978,OTP,25,27.470,true,200,VALID
TRC-5dc60441,OTP,25,27.377,true,200,VALID
TRC-429a7d3f,OTP,25,30.842,true,200,VALID
TRC-5aa5ac2f,OTP,25,29.995,true,200,VALID
TRC-08e70ede,OTP,25,27.920,true,200,VALID
TRC-66f2b70f,OTP,25,38.565,true,200,VALID
TRC-4d1e1207,OTP,25,41.276,true,200,VALID
TRC-0ad58c7c,OTP,25,38.002,true,200,VALID
TRC-4707ad43,OTP,25,42.156,true,200,VALID
TRC-5908683c,OTP,25,32.908,true,200,VALID
TRC-13ea9217,OTP,25,31.041,true,200,VALID
TRC-a46be2a8,OTP,25,28.602,true,200,VALID
TRC-4837dfa5,OTP,25,29.664,true,200,VALID
TRC-4740f2be,OTP,25,38.070,true,200,VALID
TRC-4ac9ce4e,OTP,25,32.561,true,200,VALID
TRC-1b2d800e,OTP,25,37.242,true,200,VALID
TRC-2a34e827,OTP,25,36.961,true,200,VALID
TRC-aba036d7,OTP,25,36.072,true,200,VALID
TRC-60662d65,OTP,25,35.769,true,200,VALID
TRC-ebfe72b4,OTP,25,35.662,true,200,VALID
TRC-c016b84e,OTP,25,35.091,true,200,VALID
TRC-be995d1a,OTP,25,32.346,true,200,VALID
TRC-d467e71d,OTP,25,35.799,true,200,VALID
TRC-4a694f60,OTP,25,36.161,true,200,VALID
TRC-021e30e5,OTP,25,36.750,true,200,VALID
TRC-e5e4785f,OTP,25,35.740,true,200,VALID
TRC-44ee8f15,OTP,25,36.158,true,200,VALID
TRC-9a578ac5,OTP,25,36.904,true,200,VALID
TRC-1c421404,OTP,25,32.471,true,200,VALID
TRC-21e41b20,OTP,25,30.191,true,200,VALID
TRC-2ee76992,OTP,25,32.079,true,200,VALID
TRC-82cd025f,OTP,25,35.176,true,200,VALID
TRC-46f371f9,OTP,25,34.567,true,200,VALID
TRC-ae26ecd9,OTP,25,34.363,true,200,VALID
TRC-04567cd3,OTP,25,35.964,true,200,VALID
TRC-5d4fd4fe,OTP,25,33.543,true,200,VALID
TRC-d0ffce4e,OTP,25,36.511,true,200,VALID
TRC-6e26b732,OTP,25,35.639,true,200,VALID
TRC-efbd342f,OTP,25,36.632,true,200,VALID
TRC-924e0a96,OTP,25,34.792,true,200,VALID
TRC-c59f6d4a,OTP,25,36.198,true,200,VALID
TRC-afaabd4b,OTP,25,33.670,true,200,VALID
TRC-08daddfb,OTP,25,35.065,true,200,VALID
TRC-10e00f3a,OTP,25,36.776,true,200,VALID
TRC-e8e1f5e9,OTP,25,38.600,true,200,VALID
TRC-01c8d127,OTP,25,33.576,true,200,VALID
TRC-08adfda7,OTP,25,31.743,true,200,VALID
TRC-febe9eca,OTP,25,34.170,true,200,VALID
TRC-46793387,OTP,25,31.912,true,200,VALID
TRC-dccf2747,OTP,25,29.164,true,200,VALID
TRC-b1f3d54d,OTP,25,27.347,true,200,VALID
TRC-65dacb80,OTP,25,30.107,true,200,VALID
TRC-51822014,OTP,25,36.644,true,200,VALID
TRC-511617fe,OTP,25,30.060,true,200,VALID
TRC-d171d266,OTP,25,32.755,true,200,VALID
TRC-fad3c01d,OTP,25,33.666,true,200,VALID
TRC-2affff72,OTP,25,31.317,true,200,VALID
TRC-8553a516,OTP,25,35.815,true,200,VALID
TRC-955cd784,OTP,25,36.875,true,200,VALID
TRC-94f9deb8,OTP,25,36.621,true,200,VALID
TRC-796e0293,OTP,25,36.194,true,200,VALID
TRC-bdf64ef0,OTP,25,38.161,true,200,VALID
TRC-1f4e073f,OTP,25,31.388,true,200,VALID
TRC-ac112fb7,OTP,25,31.280,true,200,VALID
TRC-7fb8081a,OTP,25,35.364,true,200,VALID
TRC-e5d666aa,OTP,25,35.390,true,200,VALID
TRC-d89db922,OTP,25,34.382,true,200,VALID
TRC-5979926e,OTP,25,34.162,true,200,VALID
TRC-3d081bf6,OTP,25,33.141,true,200,VALID
TRC-34c1cec7,OTP,25,35.656,true,200,VALID
TRC-1d649821,OTP,25,35.321,true,200,VALID
TRC-0ecc1a81,OTP,25,29.823,true,200,VALID
TRC-99516572,OTP,25,28.053,true,200,VALID
TRC-da808d46,OTP,25,28.767,true,200,VALID
TRC-bbc64c0b,OTP,25,28.763,true,200,VALID
TRC-2707db68,OTP,25,27.739,true,200,VALID
TRC-8cc90d20,OTP,25,42.927,true,200,VALID
TRC-a520a947,OTP,25,38.037,true,200,VALID
TRC-9e640c5a,OTP,25,39.751,true,200,VALID
TRC-fc7ebde1,OTP,25,37.361,true,200,VALID
TRC-9828cfd5,OTP,25,36.090,true,200,VALID
TRC-59e2424d,OTP,25,33.683,true,200,VALID
TRC-3796b10f,OTP,25,36.634,true,200,VALID
TRC-095d8281,OTP,25,34.828,true,200,VALID
TRC-95d3f2c6,OTP,25,30.068,true,200,VALID
TRC-527161be,OTP,25,34.254,true,200,VALID
TRC-d8f96441,OTP,25,32.284,true,200,VALID
TRC-7fd0144a,OTP,25,30.753,true,200,VALID
TRC-0830f284,OTP,25,31.627,true,200,VALID
TRC-97d3c231,OTP,25,34.992,true,200,VALID
TRC-2d2136f4,OTP,25,36.129,true,200,VALID
TRC-7f1b3ab7,OTP,25,34.947,true,200,VALID
TRC-67a4cf51,OTP,25,35.591,true,200,VALID
TRC-bca253b7,OTP,25,33.773,true,200,VALID
TRC-73ff5bf5,OTP,25,35.643,true,200,VALID
TRC-2081e1ac,OTP,25,35.997,true,200,VALID
TRC-698c872d,OTP,25,33.606,true,200,VALID
TRC-bd3872af,OTP,25,37.328,true,200,VALID
TRC-6f10bc81,OTP,25,33.937,true,200,VALID
TRC-83ba2f37,OTP,25,30.302,true,200,VALID
TRC-3f51627f,OTP,25,35.431,true,200,VALID
TRC-a7de26a8,OTP,25,35.486,true,200,VALID
TRC-d160ebac,OTP,25,36.085,true,200,VALID
TRC-d19fa219,OTP,25,35.158,true,200,VALID
TRC-0fefbabd,OTP,25,31.041,true,200,VALID
TRC-7e3eaa19,OTP,25,29.629,true,200,VALID
TRC-f07488e5,OTP,25,27.724,true,200,VALID
TRC-9c1c2618,OTP,25,28.767,true,200,VALID
TRC-3fe0bc8e,OTP,25,28.841,true,200,VALID
TRC-df3fcd6b,OTP,25,26.849,true,200,VALID
TRC-a0d1d144,OTP,25,28.084,true,200,VALID
TRC-2d4b8279,OTP,25,40.587,true,200,VALID
TRC-b70351b8,OTP,25,35.535,true,200,VALID
TRC-b1bfd532,OTP,25,35.889,true,200,VALID
TRC-fc80ae68,OTP,25,35.800,true,200,VALID
TRC-52182931,OTP,25,29.369,true,200,VALID
TRC-447ea2ff,OTP,25,27.037,true,200,VALID
TRC-58a6d38b,OTP,25,29.306,true,200,VALID
TRC-a5fa3482,OTP,25,29.926,true,200,VALID
TRC-c8bfa64d,OTP,25,30.123,true,200,VALID
TRC-076b2237,OTP,25,31.865,true,200,VALID
TRC-73055a8f,OTP,25,31.401,true,200,VALID
TRC-f20bc644,OTP,25,28.605,true,200,VALID
TRC-d264f6e1,OTP,25,29.671,true,200,VALID
TRC-3b42706e,OTP,25,30.872,true,200,VALID
TRC-975ba45d,OTP,25,28.916,true,200,VALID
TRC-3986e2be,OTP,25,27.946,true,200,VALID
TRC-5a0cd637,OTP,25,28.857,true,200,VALID
TRC-fd9783e3,OTP,25,26.895,true,200,VALID
TRC-234fd443,OTP,25,28.275,true,200,VALID
TRC-5ee6c5af,OTP,25,29.939,true,200,VALID
TRC-55277133,OTP,25,34.800,true,200,VALID
TRC-963700cf,OTP,25,36.598,true,200,VALID
TRC-a1b0b5bf,OTP,25,34.280,true,200,VALID
TRC-14d2384a,OTP,25,31.188,true,200,VALID
TRC-70a982e6,OTP,25,35.399,true,200,VALID
TRC-847ddbad,OTP,25,35.222,true,200,VALID
TRC-f57530dd,OTP,25,34.094,true,200,VALID
TRC-a4b46e54,OTP,25,35.203,true,200,VALID
TRC-a5d9299a,OTP,25,37.129,true,200,VALID
TRC-38d57342,OTP,25,36.136,true,200,VALID
TRC-bd352c14,OTP,25,36.238,true,200,VALID
TRC-ce8c7720,OTP,25,36.250,true,200,VALID
TRC-aae14bc2,OTP,25,31.094,true,200,VALID
TRC-a876db71,OTP,25,34.474,true,200,VALID
TRC-2260442a,OTP,25,34.719,true,200,VALID
TRC-aa5ebf9c,OTP,25,33.549,true,200,VALID
TRC-eb706651,OTP,25,30.033,true,200,VALID
TRC-f5458064,OTP,25,34.251,true,200,VALID
TRC-64ad27af,OTP,25,34.172,true,200,VALID
TRC-e6102478,OTP,25,34.383,true,200,VALID
TRC-ce9eaf52,OTP,25,34.670,true,200,VALID
TRC-16b5086e,OTP,25,34.306,true,200,VALID
TRC-12c4974c,OTP,25,35.206,true,200,VALID
TRC-d5da9a3b,OTP,25,34.282,true,200,VALID
TRC-a8938a3d,OTP,25,35.739,true,200,VALID
TRC-1c89dacd,OTP,25,38.370,true,200,VALID
TRC-0402189b,OTP,25,39.023,true,200,VALID
TRC-bb7a01b8,OTP,25,37.664,true,200,VALID
TRC-f2acba2b,OTP,25,33.319,true,200,VALID
TRC-b2e3c192,OTP,25,34.136,true,200,VALID
TRC-28df8b96,OTP,25,36.251,true,200,VALID
TRC-e202183c,OTP,25,36.199,true,200,VALID
TRC-7de69fdc,OTP,25,35.544,true,200,VALID
TRC-b8d70089,OTP,25,36.220,true,200,VALID
TRC-9a354e2f,OTP,25,37.043,true,200,VALID
TRC-73463e43,OTP,25,32.440,true,200,VALID
TRC-2003b106,OTP,25,29.562,true,200,VALID
TRC-67500b4a,OTP,25,29.798,true,200,VALID
TRC-b944543f,OTP,25,29.682,true,200,VALID
TRC-ada627a7,OTP,25,31.835,true,200,VALID
TRC-78126ce2,OTP,25,30.393,true,200,VALID
TRC-355124f9,OTP,25,31.346,true,200,VALID
TRC-4c6465d5,OTP,25,30.486,true,200,VALID
TRC-4456c687,OTP,25,28.850,true,200,VALID
TRC-6a2780c6,OTP,25,28.624,true,200,VALID
TRC-2d5f21e5,OTP,25,29.055,true,200,VALID
TRC-cfee2843,OTP,25,30.103,true,200,VALID
TRC-5bd38ddf,OTP,25,29.677,true,200,VALID
TRC-ac407969,OTP,25,29.660,true,200,VALID
TRC-44fb0975,OTP,25,38.790,true,200,VALID
TRC-2f05cdd8,OTP,25,39.360,true,200,VALID
TRC-082a5175,OTP,25,38.464,true,200,VALID
TRC-e547e796,OTP,25,32.570,true,200,VALID
TRC-baa03140,OTP,25,31.007,true,200,VALID
TRC-e4526e19,OTP,25,29.620,true,200,VALID
TRC-b7e93042,OTP,25,31.408,true,200,VALID
TRC-1cbab7be,OTP,25,30.826,true,200,VALID
TRC-6413300f,OTP,25,29.610,true,200,VALID
TRC-468ff424,OTP,25,31.738,true,200,VALID
TRC-331f0ec2,OTP,25,28.468,true,200,VALID
TRC-2a1f3551,OTP,25,28.116,true,200,VALID
TRC-5e40badf,OTP,25,27.197,true,200,VALID
TRC-5e59437d,OTP,25,36.079,true,200,VALID
TRC-f05a0e08,OTP,25,33.212,true,200,VALID
TRC-68227ada,OTP,25,35.764,true,200,VALID
TRC-83694bf5,OTP,25,36.040,true,200,VALID
TRC-9584602c,OTP,25,34.276,true,200,VALID
TRC-61e9ea89,OTP,25,35.381,true,200,VALID
TRC-63000dfa,OTP,25,35.559,true,200,VALID
TRC-b434c424,OTP,25,36.223,true,200,VALID
TRC-f459f734,OTP,25,35.099,true,200,VALID
TRC-1865c05c,OTP,25,33.348,true,200,VALID
TRC-feed5225,OTP,25,28.171,true,200,VALID
TRC-73e04b64,OTP,25,29.093,true,200,VALID
TRC-a9298a74,OTP,25,32.084,true,200,VALID
TRC-3bdd03a3,OTP,25,30.113,true,200,VALID
TRC-4c29bf56,OTP,25,33.002,true,200,VALID
TRC-e063e2dc,OTP,25,30.535,true,200,VALID
TRC-e3451566,OTP,25,31.211,true,200,VALID
TRC-c5a169bf,OTP,25,30.190,true,200,VALID
TRC-6587928a,OTP,25,31.402,true,200,VALID
TRC-569a9fcb,OTP,25,33.197,true,200,VALID
TRC-4e10da05,OTP,25,30.694,true,200,VALID
TRC-9e97b74e,OTP,25,35.902,true,200,VALID
TRC-64cedfbf,OTP,25,36.662,true,200,VALID
TRC-68cd238f,OTP,25,36.848,true,200,VALID
TRC-a5822c79,OTP,25,31.014,true,200,VALID
TRC-69790426,OTP,25,31.588,true,200,VALID
TRC-2cb702d9,OTP,25,31.271,true,200,VALID
TRC-3450b633,OTP,25,28.066,true,200,VALID
TRC-8737eba7,OTP,25,29.849,true,200,VALID
TRC-a5b35171,OTP,25,29.676,true,200,VALID
TRC-fd422750,OTP,25,30.286,true,200,VALID
TRC-e52d6175,OTP,25,30.546,true,200,VALID
TRC-e7c2f203,OTP,25,29.071,true,200,VALID
TRC-1f996330,OTP,25,29.299,true,200,VALID
TRC-3fb05e6e,OTP,25,28.219,true,200,VALID
TRC-03afda68,OTP,25,28.796,true,200,VALID
TRC-0d169a9f,OTP,25,29.651,true,200,VALID
TRC-a556ef51,OTP,25,27.483,true,200,VALID
TRC-174bd336,OTP,25,27.427,true,200,VALID
TRC-d4602824,OTP,25,29.839,true,200,VALID
TRC-eb4ae288,OTP,25,28.880,true,200,VALID
TRC-447610d4,OTP,25,28.837,true,200,VALID
TRC-6c7fdf09,OTP,25,35.753,true,200,VALID
TRC-bd94fb0d,OTP,25,35.244,true,200,VALID
TRC-de0a9baf,OTP,25,34.136,true,200,VALID
TRC-1513dd4d,OTP,25,35.729,true,200,VALID
TRC-697b5cab,OTP,25,37.045,true,200,VALID
TRC-08368b2f,OTP,25,36.699,true,200,VALID
TRC-34d662ba,OTP,25,36.894,true,200,VALID
TRC-add28e23,OTP,25,35.215,true,200,VALID
TRC-de5f21b5,OTP,25,33.505,true,200,VALID
TRC-ed925af8,OTP,25,28.795,true,200,VALID
TRC-d0191dfa,OTP,25,31.262,true,200,VALID
TRC-3f23d78f,OTP,25,30.910,true,200,VALID
TRC-d99ccfbd,OTP,25,32.378,true,200,VALID
TRC-ef2e8999,OTP,25,30.943,true,200,VALID
TRC-f187d864,OTP,25,30.920,true,200,VALID
TRC-242897b1,OTP,25,32.992,true,200,VALID
TRC-2aab98d5,OTP,25,32.609,true,200,VALID
TRC-1a17363b,OTP,25,30.944,true,200,VALID
TRC-2aba57e9,OTP,25,31.109,true,200,VALID
TRC-b4ad703a,OTP,25,29.652,true,200,VALID
TRC-a908b4bc,OTP,25,29.040,true,200,VALID
TRC-a4822428,OTP,25,31.380,true,200,VALID
TRC-96e47474,OTP,25,34.816,true,200,VALID
TRC-a99baa85,OTP,25,32.763,true,200,VALID
TRC-ec4434d5,OTP,25,29.174,true,200,VALID
TRC-a4473aae,OTP,25,30.890,true,200,VALID
TRC-3fa95608,OTP,25,32.917,true,200,VALID
TRC-fb597d5e,OTP,25,31.411,true,200,VALID
TRC-f660edd3,OTP,25,31.165,true,200,VALID
TRC-0667173d,OTP,25,32.231,true,200,VALID
TRC-34eeda22,OTP,25,31.232,true,200,VALID
TRC-4ec5c1bb,OTP,25,28.539,true,200,VALID
TRC-363c47fa,OTP,25,30.971,true,200,VALID
TRC-923ee821,OTP,25,30.899,true,200,VALID
TRC-d121aff3,OTP,25,27.597,true,200,VALID
TRC-ede9e260,OTP,25,27.976,true,200,VALID
TRC-1a1c961b,OTP,25,35.677,true,200,VALID
TRC-a31f9906,OTP,25,35.623,true,200,VALID
TRC-deb3f479,OTP,25,35.664,true,200,VALID
TRC-961d3122,OTP,25,34.960,true,200,VALID
TRC-2ca05ea6,OTP,25,33.078,true,200,VALID
TRC-e8606b5f,OTP,25,35.798,true,200,VALID
TRC-67fc66f6,OTP,25,30.217,true,200,VALID
TRC-4d515683,OTP,25,31.142,true,200,VALID
TRC-ef223323,OTP,25,28.785,true,200,VALID
TRC-e0d2978d,OTP,25,29.991,true,200,VALID
TRC-0d14b6a4,OTP,25,29.557,true,200,VALID
TRC-482a63fd,OTP,25,30.389,true,200,VALID
TRC-8dcbe8ed,OTP,25,40.460,true,200,VALID
TRC-541aa932,OTP,25,29.743,true,200,VALID
TRC-676bf86d,OTP,25,30.617,true,200,VALID
TRC-54211cc4,OTP,25,28.771,true,200,VALID
TRC-79cd5b16,OTP,25,30.385,true,200,VALID
TRC-cd57c90f,OTP,25,31.968,true,200,VALID
TRC-400a7552,OTP,25,30.752,true,200,VALID
TRC-80399cda,OTP,25,34.530,true,200,VALID
TRC-afaa9a80,OTP,25,33.525,true,200,VALID
TRC-e2f77259,OTP,25,36.224,true,200,VALID
TRC-4f782359,OTP,25,36.586,true,200,VALID
TRC-a343a89b,OTP,25,34.922,true,200,VALID
TRC-113ff285,OTP,25,34.193,true,200,VALID
TRC-41410d9d,OTP,25,32.362,true,200,VALID
TRC-95c3a51a,OTP,25,34.243,true,200,VALID
TRC-d326a214,OTP,25,28.476,true,200,VALID
TRC-9ba50e53,OTP,25,30.933,true,200,VALID
TRC-ac09187c,OTP,25,29.134,true,200,VALID
TRC-f65e8b4e,OTP,25,30.049,true,200,VALID
TRC-45c73ca5,OTP,25,28.341,true,200,VALID
TRC-79800ce3,OTP,25,35.664,true,200,VALID
TRC-4d2d67ba,OTP,25,35.176,true,200,VALID
TRC-f943998f,OTP,25,34.747,true,200,VALID
TRC-f7007c3d,OTP,25,31.414,true,200,VALID
TRC-a0acedec,OTP,25,36.032,true,200,VALID
TRC-81cdce5d,OTP,25,34.337,true,200,VALID
TRC-cd1fde60,OTP,25,36.377,true,200,VALID
TRC-c58c97fc,OTP,25,36.593,true,200,VALID
TRC-e85bea2e,OTP,25,37.093,true,200,VALID
TRC-695746fa,OTP,25,36.342,true,200,VALID
TRC-5fb0c24f,OTP,25,35.834,true,200,VALID
TRC-5820ff0b,OTP,25,34.840,true,200,VALID
TRC-f641c162,OTP,25,28.512,true,200,VALID
TRC-0f315776,OTP,25,30.807,true,200,VALID
TRC-aa2c783a,OTP,25,30.512,true,200,VALID
TRC-fc18593c,OTP,25,30.450,true,200,VALID
TRC-6dbbea10,OTP,25,30.599,true,200,VALID
TRC-2b151ac6,OTP,25,30.017,true,200,VALID
TRC-aeb22f27,OTP,25,35.267,true,200,VALID
TRC-426233c1,OTP,25,36.184,true,200,VALID
TRC-158d7c32,OTP,25,36.725,true,200,VALID
TRC-0d6e2123,OTP,25,36.223,true,200,VALID
TRC-6d942730,OTP,25,36.209,true,200,VALID
TRC-d4eaaeb2,OTP,25,36.574,true,200,VALID
TRC-f956db3b,OTP,25,32.776,true,200,VALID
TRC-fe25038d,OTP,25,27.660,true,200,VALID
TRC-f8312f20,OTP,25,29.087,true,200,VALID
TRC-4d55e940,OTP,25,29.750,true,200,VALID
TRC-f549e226,OTP,25,29.325,true,200,VALID
TRC-085ca29c,OTP,25,29.806,true,200,VALID
TRC-a1c762ce,OTP,25,29.761,true,200,VALID
TRC-4b41e2d8,OTP,25,29.232,true,200,VALID
TRC-d0919e8b,OTP,25,30.281,true,200,VALID
TRC-5d6e3be0,OTP,25,29.049,true,200,VALID
TRC-012d244c,OTP,25,32.119,true,200,VALID
TRC-c3169c53,OTP,25,29.031,true,200,VALID
TRC-548b021d,OTP,25,31.243,true,200,VALID
TRC-81ffed5f,OTP,25,30.680,true,200,VALID
TRC-a7947035,OTP,25,30.951,true,200,VALID
TRC-c7d79361,OTP,25,31.702,true,200,VALID
TRC-ca3a53ef,OTP,25,31.582,true,200,VALID
TRC-c13c7bc9,OTP,25,29.299,true,200,VALID
TRC-73aff32e,OTP,25,34.292,true,200,VALID
TRC-ad46335c,OTP,25,34.439,true,200,VALID
TRC-81234fd2,OTP,25,37.546,true,200,VALID
TRC-b128bb30,OTP,25,35.868,true,200,VALID
TRC-0c650db2,OTP,25,35.883,true,200,VALID
TRC-1b188e97,OTP,25,35.135,true,200,VALID
TRC-d5dcbf85,OTP,25,37.074,true,200,VALID
TRC-b0a8bc10,OTP,25,36.100,true,200,VALID
TRC-0d8ef8d8,OTP,25,33.768,true,200,VALID
TRC-74a59f4c,OTP,25,35.716,true,200,VALID
TRC-1657f46b,OTP,25,36.460,true,200,VALID
TRC-62c8e21b,OTP,25,34.673,true,200,VALID
TRC-d32f1e08,OTP,25,35.233,true,200,VALID
TRC-0ff4d17a,OTP,25,32.090,true,200,VALID
TRC-dc3fd95a,OTP,25,30.066,true,200,VALID
TRC-a8cc55d5,OTP,25,30.450,true,200,VALID
TRC-6f9b5682,OTP,25,32.602,true,200,VALID
TRC-6c77325e,OTP,25,29.012,true,200,VALID
TRC-8003abb9,OTP,25,30.884,true,200,VALID
TRC-5720dfc8,OTP,25,32.787,true,200,VALID
TRC-44ee2fbc,OTP,25,30.429,true,200,VALID
TRC-eff19a5c,OTP,25,36.354,true,200,VALID
TRC-02d6057d,OTP,25,36.164,true,200,VALID
TRC-ca8ba1b9,OTP,25,32.705,true,200,VALID
TRC-76bfbfa0,OTP,25,34.728,true,200,VALID
TRC-ca925a41,OTP,25,30.890,true,200,VALID
TRC-29f361d0,OTP,25,31.720,true,200,VALID
TRC-08829986,OTP,25,31.258,true,200,VALID
TRC-aa1fcbe7,OTP,25,29.886,true,200,VALID
TRC-85347d4b,OTP,25,30.584,true,200,VALID
TRC-2e00f4d0,OTP,25,31.580,true,200,VALID
TRC-48fc4bda,OTP,25,30.146,true,200,VALID
TRC-96e654f6,OTP,25,31.771,true,200,VALID
TRC-11efd349,OTP,25,32.228,true,200,VALID
TRC-b2d4c635,OTP,25,31.961,true,200,VALID
TRC-9ce28fd4,OTP,25,28.972,true,200,VALID
TRC-1d362447,OTP,25,32.754,true,200,VALID
TRC-de6fcca6,OTP,25,31.318,true,200,VALID
TRC-1d9577ab,OTP,25,32.191,true,200,VALID
TRC-e7ba41f4,OTP,25,29.732,true,200,VALID
TRC-403d2382,OTP,25,28.459,true,200,VALID
TRC-82bd9686,OTP,25,27.503,true,200,VALID
TRC-b1561237,OTP,25,27.146,true,200,VALID
TRC-b048558e,OTP,25,29.184,true,200,VALID
TRC-66f22a28,OTP,25,28.552,true,200,VALID
TRC-c379b960,OTP,25,28.638,true,200,VALID
TRC-7c455dac,OTP,25,30.603,true,200,VALID
TRC-b30fd01e,OTP,25,29.403,true,200,VALID
TRC-781920be,OTP,25,30.753,true,200,VALID
TRC-a9f8d893,OTP,25,33.323,true,200,VALID
TRC-5ab5aef4,OTP,25,33.263,true,200,VALID
TRC-c284d743,OTP,25,34.321,true,200,VALID
TRC-fd46079d,OTP,25,29.983,true,200,VALID
TRC-9d9100f4,OTP,25,33.868,true,200,VALID
TRC-7f332231,OTP,25,34.461,true,200,VALID
TRC-1e0c950d,OTP,25,34.774,true,200,VALID
TRC-4646f001,OTP,25,34.274,true,200,VALID
TRC-20e26216,OTP,25,33.928,true,200,VALID
TRC-5c28e79c,OTP,25,34.220,true,200,VALID
TRC-102efacd,OTP,25,34.620,true,200,VALID
TRC-37f02bc7,OTP,25,35.621,true,200,VALID
TRC-04626692,OTP,25,36.211,true,200,VALID
TRC-080314f2,OTP,25,31.730,true,200,VALID
TRC-c1bcd9dd,OTP,25,32.358,true,200,VALID
TRC-1227fcc5,OTP,25,30.385,true,200,VALID
TRC-24440cea,OTP,25,31.772,true,200,VALID
TRC-ee1c3b22,OTP,25,33.931,true,200,VALID
TRC-759b51f6,OTP,25,28.086,true,200,VALID
TRC-63ca1e1f,OTP,25,28.742,true,200,VALID
TRC-ebdb6998,OTP,25,29.648,true,200,VALID
TRC-0783200c,OTP,25,30.226,true,200,VALID
TRC-e783ca57,OTP,25,31.572,true,200,VALID
TRC-11c8775d,OTP,25,30.975,true,200,VALID
TRC-b450e1ed,OTP,25,33.954,true,200,VALID
TRC-fab50838,OTP,25,30.186,true,200,VALID
TRC-bc99e11f,OTP,25,28.786,true,200,VALID
TRC-36d10d45,OTP,25,30.264,true,200,VALID
TRC-be24ff1e,OTP,25,29.969,true,200,VALID
TRC-cb828c78,OTP,25,31.070,true,200,VALID
TRC-673936b1,OTP,25,30.878,true,200,VALID
TRC-c2c68719,OTP,25,35.666,true,200,VALID
TRC-124051f1,OTP,25,29.166,true,200,VALID
TRC-8c8340b7,OTP,25,29.789,true,200,VALID
TRC-625c2634,OTP,25,27.618,true,200,VALID
TRC-7f221865,OTP,25,29.389,true,200,VALID
TRC-d67cbda9,OTP,25,27.025,true,200,VALID
TRC-f1178db0,OTP,25,31.827,true,200,VALID
TRC-1c1ae9f3,OTP,25,30.794,true,200,VALID
TRC-7c88a5f9,OTP,25,35.016,true,200,VALID
TRC-4425380e,OTP,25,28.761,true,200,VALID
TRC-1f8ebf74,OTP,25,28.476,true,200,VALID
TRC-fefd9185,OTP,25,34.730,true,200,VALID
TRC-be46bc4f,OTP,25,31.988,true,200,VALID
TRC-fbd03ea7,OTP,25,33.198,true,200,VALID
TRC-1d6e27b3,OTP,25,34.434,true,200,VALID
TRC-ce3b10c7,OTP,25,28.015,true,200,VALID
TRC-b8148334,OTP,25,32.659,true,200,VALID
TRC-fbc5eaff,OTP,25,28.034,true,200,VALID
TRC-985768a7,OTP,25,29.335,true,200,VALID
TRC-7abf2149,OTP,25,37.073,true,200,VALID
TRC-b7fc97f0,OTP,25,37.019,true,200,VALID
TRC-5cba7ba7,OTP,25,36.908,true,200,VALID
TRC-ad2beb34,OTP,25,36.183,true,200,VALID
TRC-fd6ed6f8,OTP,25,30.329,true,200,VALID
TRC-60fd15e9,OTP,25,30.667,true,200,VALID
TRC-e88c1b1f,OTP,25,31.573,true,200,VALID
TRC-51ae23bb,OTP,25,30.624,true,200,VALID
TRC-85096d54,OTP,25,27.966,true,200,VALID
TRC-79858303,OTP,25,29.386,true,200,VALID
TRC-062c1e37,OTP,25,36.707,true,200,VALID
TRC-8037e715,OTP,25,35.441,true,200,VALID
TRC-5559aca1,OTP,25,36.244,true,200,VALID
TRC-54d7cf32,OTP,25,35.601,true,200,VALID
TRC-86c2893d,OTP,25,36.185,true,200,VALID
TRC-8d765c20,OTP,25,34.857,true,200,VALID
TRC-4191b68b,OTP,25,35.473,true,200,VALID
TRC-d1d5381c,OTP,25,35.821,true,200,VALID
TRC-04d89da5,OTP,25,36.146,true,200,VALID
TRC-a172eb8f,OTP,25,32.975,true,200,VALID
TRC-5ccf37b5,OTP,25,35.686,true,200,VALID
TRC-b71a2c78,OTP,25,32.420,true,200,VALID
TRC-fba78304,OTP,25,36.815,true,200,VALID
TRC-def68e10,OTP,25,34.829,true,200,VALID
TRC-bf138d3d,OTP,25,34.023,true,200,VALID
TRC-beb36745,OTP,25,32.900,true,200,VALID
TRC-dffa95a1,OTP,25,32.125,true,200,VALID
TRC-cc939d23,OTP,25,29.294,true,200,VALID
TRC-964c7d48,OTP,25,32.519,true,200,VALID
TRC-850c0367,OTP,25,32.817,true,200,VALID
TRC-06879f3f,OTP,25,33.479,true,200,VALID
TRC-74688e4d,OTP,25,31.995,true,200,VALID
TRC-7871f83c,OTP,25,35.152,true,200,VALID
TRC-e368f29c,OTP,25,33.262,true,200,VALID
TRC-a425c1a5,OTP,25,33.510,true,200,VALID
TRC-5ad69b25,OTP,25,33.735,true,200,VALID
TRC-24e4f36f,OTP,25,28.531,true,200,VALID
TRC-62ca757f,OTP,25,30.771,true,200,VALID
TRC-6143f7a3,OTP,25,29.853,true,200,VALID
TRC-93d8e182,OTP,25,34.491,true,200,VALID
TRC-fecb8688,OTP,25,35.568,true,200,VALID
TRC-acd6a8e6,OTP,25,36.684,true,200,VALID
TRC-df6c1a0a,OTP,25,33.988,true,200,VALID
TRC-370acae7,OTP,25,36.199,true,200,VALID
TRC-3342c599,OTP,25,31.896,true,200,VALID
TRC-c8c190bd,OTP,25,35.703,true,200,VALID
TRC-8121c9df,OTP,25,35.580,true,200,VALID
TRC-50cf3a72,OTP,25,31.928,true,200,VALID
TRC-e2ec5651,OTP,25,35.994,true,200,VALID
TRC-1640ffb2,OTP,25,36.755,true,200,VALID
TRC-c58b2573,OTP,25,29.159,true,200,VALID
TRC-4327d4b6,OTP,25,29.069,true,200,VALID
TRC-12b54504,OTP,25,27.310,true,200,VALID
TRC-85d99c55,OTP,25,30.128,true,200,VALID
TRC-d9a071fa,OTP,25,34.890,true,200,VALID
TRC-74f49aa1,OTP,25,34.544,true,200,VALID
TRC-51055b5b,OTP,25,36.444,true,200,VALID
TRC-11336015,OTP,25,36.681,true,200,VALID
TRC-8de85bfc,OTP,25,36.607,true,200,VALID
TRC-32be43f8,OTP,25,35.498,true,200,VALID
TRC-0c9f4ad0,OTP,25,33.722,true,200,VALID
TRC-0557c1de,OTP,25,36.184,true,200,VALID
TRC-cf4cdc84,OTP,25,35.187,true,200,VALID
TRC-a60ba300,OTP,25,36.315,true,200,VALID
TRC-b9b374a8,OTP,25,34.595,true,200,VALID
TRC-8ad72565,OTP,25,35.770,true,200,VALID
TRC-14b6161e,OTP,25,30.261,true,200,VALID
TRC-6e402959,OTP,25,32.062,true,200,VALID
TRC-d25a3f91,OTP,25,34.591,true,200,VALID
TRC-a992f79e,OTP,25,30.341,true,200,VALID
TRC-b32db969,OTP,25,34.310,true,200,VALID
TRC-12456ada,OTP,25,35.595,true,200,VALID
TRC-2018db34,OTP,25,35.127,true,200,VALID
TRC-4500f04e,OTP,25,34.522,true,200,VALID
TRC-f6c9a878,OTP,25,30.346,true,200,VALID
TRC-7774a996,OTP,25,29.546,true,200,VALID
TRC-a29c3a58,OTP,25,32.859,true,200,VALID
TRC-a4c37c2d,OTP,25,28.676,true,200,VALID
TRC-cd0879be,OTP,25,31.187,true,200,VALID
TRC-fb6ea0d3,OTP,25,30.244,true,200,VALID
TRC-6deb5815,OTP,25,28.049,true,200,VALID
TRC-40c87dc0,OTP,25,34.422,true,200,VALID
TRC-74a9e6a8,OTP,25,35.413,true,200,VALID
TRC-7e099d9c,OTP,25,35.641,true,200,VALID
TRC-6c9379a8,OTP,25,32.685,true,200,VALID
TRC-2ad1a03e,OTP,25,29.907,true,200,VALID
TRC-2f95aadf,OTP,25,32.268,true,200,VALID
TRC-25e054f6,OTP,25,30.257,true,200,VALID
TRC-fd3be4ea,OTP,25,29.187,true,200,VALID
TRC-31d421a3,OTP,25,29.064,true,200,VALID
TRC-a00f74b3,OTP,25,30.576,true,200,VALID
TRC-d58802f3,OTP,25,30.329,true,200,VALID
TRC-d40caf7e,OTP,25,30.526,true,200,VALID
TRC-12b47f43,OTP,25,30.386,true,200,VALID
TRC-dd4ec658,OTP,25,27.338,true,200,VALID
TRC-6051e2b1,OTP,25,27.623,true,200,VALID
TRC-11b17e77,OTP,25,28.199,true,200,VALID
TRC-abda30d1,OTP,25,29.826,true,200,VALID
TRC-3536a695,OTP,25,33.525,true,200,VALID
TRC-7e5f011f,OTP,25,37.276,true,200,VALID
TRC-66f60fd9,OTP,25,33.225,true,200,VALID
TRC-428f7a32,OTP,25,37.082,true,200,VALID
TRC-60963c35,OTP,25,27.584,true,200,VALID
TRC-be810d7c,OTP,25,27.356,true,200,VALID
TRC-50985781,OTP,25,28.433,true,200,VALID
TRC-f80265a6,OTP,25,36.171,true,200,VALID
TRC-6cf62e3c,OTP,25,36.782,true,200,VALID
TRC-d3da5ecd,OTP,25,36.370,true,200,VALID
TRC-61aac8a7,OTP,25,34.865,true,200,VALID
TRC-19e7f276,OTP,25,35.412,true,200,VALID
TRC-8d26330c,OTP,25,35.281,true,200,VALID
TRC-84d1f800,OTP,25,31.530,true,200,VALID
TRC-a7dbbf6f,OTP,25,35.141,true,200,VALID
TRC-c2576656,OTP,25,34.478,true,200,VALID
TRC-34437212,OTP,25,34.307,true,200,VALID
TRC-01a2bf2d,OTP,25,31.082,true,200,VALID
TRC-5c23c843,OTP,25,35.349,true,200,VALID
TRC-c90cfd4c,OTP,25,35.870,true,200,VALID
TRC-f3e8840d,OTP,25,30.601,true,200,VALID
TRC-24a7bad4,OTP,25,30.010,true,200,VALID
TRC-60fdb97d,OTP,25,29.876,true,200,VALID
TRC-a95873f2,OTP,25,28.481,true,200,VALID
TRC-d90b2fc5,OTP,25,29.259,true,200,VALID
TRC-5a843e9f,OTP,25,30.399,true,200,VALID
TRC-93f07c20,OTP,25,29.493,true,200,VALID
TRC-eb882bf7,OTP,25,30.027,true,200,VALID
TRC-f036c0e8,OTP,25,28.380,true,200,VALID
TRC-4193356c,OTP,25,28.714,true,200,VALID
TRC-ec95da91,OTP,25,27.955,true,200,VALID
TRC-d13cafba,OTP,25,30.490,true,200,VALID
TRC-fcee0328,OTP,25,31.743,true,200,VALID
TRC-5f9119c1,OTP,25,29.987,true,200,VALID
TRC-2e3ec972,OTP,25,31.133,true,200,VALID
TRC-302f8d96,OTP,25,31.772,true,200,VALID
TRC-ddaf6388,OTP,25,36.916,true,200,VALID
TRC-3aab1167,OTP,25,35.411,true,200,VALID
TRC-a239885d,OTP,25,36.515,true,200,VALID
TRC-529ffeeb,OTP,25,36.131,true,200,VALID
TRC-6a644ded,OTP,25,29.119,true,200,VALID
TRC-c9f64d0c,OTP,25,30.474,true,200,VALID
TRC-84e344e7,OTP,25,38.702,true,200,VALID
TRC-a02449b2,OTP,25,37.608,true,200,VALID
TRC-04aafce4,OTP,25,35.239,true,200,VALID
TRC-5a6009c0,OTP,25,34.264,true,200,VALID
TRC-9839bf0c,OTP,25,36.177,true,200,VALID
TRC-3472e503,OTP,25,28.259,true,200,VALID
TRC-35f8b0a6,OTP,25,30.142,true,200,VALID
TRC-25722958,OTP,25,36.390,true,200,VALID
TRC-c26ce40e,OTP,25,37.741,true,200,VALID
TRC-f7f4ee0a,OTP,25,27.742,true,200,VALID
TRC-afd6cc72,OTP,25,28.429,true,200,VALID
TRC-aaaace36,OTP,25,35.922,true,200,VALID
TRC-03f7da59,OTP,25,32.055,true,200,VALID
TRC-fdf522f6,OTP,25,36.980,true,200,VALID
TRC-2933762f,OTP,25,31.521,true,200,VALID
TRC-4711f2e0,OTP,25,36.040,true,200,VALID
TRC-869023dc,OTP,25,35.805,true,200,VALID
TRC-3266227c,OTP,25,36.056,true,200,VALID
TRC-5a9cf0c0,OTP,25,34.619,true,200,VALID
TRC-4a04fcc8,OTP,25,36.707,true,200,VALID
TRC-9eb79dbb,OTP,25,36.311,true,200,VALID
TRC-318ac834,OTP,25,28.694,true,200,VALID
TRC-2428b34c,OTP,25,31.997,true,200,VALID
TRC-05a6316b,OTP,25,32.515,true,200,VALID
TRC-16624d33,OTP,25,33.266,true,200,VALID
TRC-57346c70,OTP,25,34.770,true,200,VALID
TRC-82b15fde,OTP,25,31.804,true,200,VALID
TRC-23d69e78,OTP,25,31.968,true,200,VALID
TRC-d7efd951,OTP,25,30.330,true,200,VALID
TRC-0e36413a,OTP,25,32.193,true,200,VALID
TRC-baee58c2,OTP,25,31.030,true,200,VALID
TRC-6c51a0a8,OTP,25,31.021,true,200,VALID
TRC-93408bb4,OTP,25,30.752,true,200,VALID
TRC-5a30a7cc,OTP,25,34.199,true,200,VALID
TRC-9ef19d00,OTP,25,33.942,true,200,VALID
TRC-3af5caaf,OTP,25,27.870,true,200,VALID
TRC-e21fdf7e,OTP,25,36.800,true,200,VALID
TRC-ec499d8c,OTP,25,36.779,true,200,VALID
TRC-b0e71150,OTP,25,36.375,true,200,VALID
TRC-b7d2f4b6,OTP,25,37.832,true,200,VALID
TRC-112b1075,OTP,25,37.341,true,200,VALID
TRC-cae577f9,OTP,25,37.679,true,200,VALID
TRC-6aa93cd2,OTP,25,34.350,true,200,VALID
TRC-de8af1ab,OTP,25,30.766,true,200,VALID
TRC-d491ea44,OTP,25,30.212,true,200,VALID
TRC-c602b22e,OTP,25,27.277,true,200,VALID
TRC-dd6a812d,OTP,25,27.199,true,200,VALID
TRC-b6186619,OTP,25,35.806,true,200,VALID
TRC-7a4deb42,OTP,25,35.945,true,200,VALID
TRC-e7ce4b6c,OTP,25,36.702,true,200,VALID
TRC-d96e93d6,OTP,25,37.198,true,200,VALID
TRC-1eb44dc4,OTP,25,34.160,true,200,VALID
TRC-e4ef2015,OTP,25,32.774,true,200,VALID
TRC-41baebb4,OTP,25,31.942,true,200,VALID
TRC-d68befff,OTP,25,35.276,true,200,VALID
TRC-b51c3d50,OTP,25,36.478,true,200,VALID
TRC-623f0c92,OTP,25,37.214,true,200,VALID
TRC-5f596298,OTP,25,35.505,true,200,VALID
TRC-bbc6fef5,OTP,25,33.227,true,200,VALID
TRC-99830f6a,OTP,25,32.193,true,200,VALID
TRC-ba59155b,OTP,25,31.730,true,200,VALID
TRC-cc3d8ebb,OTP,25,30.032,true,200,VALID
TRC-de03c4b0,OTP,25,31.622,true,200,VALID
TRC-9c0c6182,OTP,25,28.818,true,200,VALID
TRC-4952a408,OTP,25,31.181,true,200,VALID
TRC-c7936dd5,OTP,25,31.339,true,200,VALID
TRC-5a426a73,OTP,25,30.413,true,200,VALID
TRC-6383700c,OTP,25,28.756,true,200,VALID
TRC-dc744d5c,OTP,25,29.551,true,200,VALID
TRC-f6e4f06d,OTP,25,30.464,true,200,VALID
TRC-27232f11,OTP,25,32.341,true,200,VALID
TRC-36a6a89c,OTP,25,29.793,true,200,VALID
TRC-3d7a13e4,OTP,25,34.302,true,200,VALID
TRC-0ec6d44d,OTP,25,30.966,true,200,VALID
TRC-263743ae,OTP,25,32.202,true,200,VALID
TRC-1e7b17bd,OTP,25,30.283,true,200,VALID
TRC-eb79852b,OTP,25,29.645,true,200,VALID
TRC-91310ee9,OTP,25,41.856,true,200,VALID
TRC-ef5b633b,OTP,25,35.774,true,200,VALID
TRC-00708e5e,OTP,25,43.404,true,200,VALID
TRC-08c07d8a,OTP,25,42.426,true,200,VALID
TRC-de7a32c1,OTP,25,35.111,true,200,VALID
TRC-5666df2c,OTP,25,31.037,true,200,VALID
TRC-38760cf6,OTP,25,35.367,true,200,VALID
TRC-8682a9d4,OTP,25,28.155,true,200,VALID
TRC-7d87274c,OTP,25,36.660,true,200,VALID
TRC-6cc94df5,OTP,25,36.918,true,200,VALID
TRC-b7e11883,OTP,25,35.364,true,200,VALID
TRC-b652848a,OTP,25,36.307,true,200,VALID
TRC-64e73346,OTP,25,36.076,true,200,VALID
TRC-809b01e2,OTP,25,28.686,true,200,VALID
TRC-09408b51,OTP,25,30.610,true,200,VALID
TRC-221c5996,QR,25,112.435,true,200,VALID
TRC-c142b364,QR,25,118.854,true,200,VALID
TRC-93608fc6,QR,25,119.528,true,200,VALID
TRC-f5998427,QR,25,133.959,true,200,VALID
TRC-399dde80,QR,25,129.155,true,200,VALID
TRC-c68b489a,QR,25,119.219,true,200,VALID
TRC-a8ae1c0d,QR,25,120.326,true,200,VALID
TRC-b39ab09b,QR,25,118.506,true,200,VALID
TRC-e0f3c9e5,QR,25,118.321,true,200,VALID
TRC-fa6b9d96,QR,25,111.884,true,200,VALID
TRC-32e5c70f,QR,25,103.127,true,200,VALID
TRC-1a59d231,QR,25,103.118,true,200,VALID
TRC-a5d78066,QR,25,57.665,true,200,VALID
TRC-a0cd6fd7,QR,25,14.578,true,200,VALID
TRC-561e29c0,QR,25,109.436,true,200,VALID
TRC-47b23dae,QR,25,65.063,true,200,VALID
TRC-4c558859,QR,25,95.921,true,200,VALID
TRC-bdcbac96,QR,25,65.027,true,200,VALID
TRC-97c5b609,QR,25,92.462,true,200,VALID
TRC-06a670bb,QR,25,92.782,true,200,VALID
TRC-fdb31562,QR,25,97.003,true,200,VALID
TRC-387a836d,QR,25,63.824,true,200,VALID
TRC-17fcf6f6,QR,25,181.507,true,200,VALID
TRC-e03f5136,QR,25,91.338,true,200,VALID
TRC-9c8eaebe,QR,25,140.390,true,200,VALID
TRC-fa50a3c9,QR,25,124.688,true,200,VALID
TRC-3b2dc5d7,QR,25,100.807,true,200,VALID
TRC-4179807e,QR,25,101.051,true,200,VALID
TRC-1d215288,QR,25,100.812,true,200,VALID
TRC-4f8c6464,QR,25,100.282,true,200,VALID
TRC-a3332563,QR,25,100.295,true,200,VALID
TRC-1f47d308,QR,25,100.731,true,200,VALID
TRC-25fc1950,QR,25,79.083,true,200,VALID
TRC-397b6802,QR,25,79.172,true,200,VALID
TRC-d8041190,QR,25,80.134,true,200,VALID
TRC-99d94e98,QR,25,143.923,true,200,VALID
TRC-040118ef,OTP,25,36.817,true,200,VALID
TRC-bfcca8c6,OTP,25,28.975,true,200,VALID
TRC-59893975,OTP,25,27.212,true,200,VALID
TRC-9101e519,OTP,25,29.813,true,200,VALID
TRC-09918cc5,OTP,25,28.302,true,200,VALID
TRC-7f5b289a,OTP,25,29.251,true,200,VALID
TRC-dba4c28e,OTP,25,29.524,true,200,VALID
TRC-3d1d7a06,OTP,25,31.750,true,200,VALID
TRC-ce7fbc98,OTP,25,33.682,true,200,VALID
TRC-5e13d097,OTP,25,30.492,true,200,VALID
TRC-293e7af1,OTP,25,28.810,true,200,VALID
TRC-87dbb4f9,OTP,25,26.888,true,200,VALID
TRC-5de6debb,OTP,25,28.085,true,200,VALID
TRC-5d525c59,OTP,25,29.302,true,200,VALID
TRC-eb82aa01,OTP,25,30.384,true,200,VALID
TRC-c518766a,OTP,25,29.154,true,200,VALID
TRC-da72b1ec,OTP,25,28.946,true,200,VALID
TRC-3137eeb9,OTP,25,28.492,true,200,VALID
TRC-3010161c,OTP,25,29.643,true,200,VALID
TRC-77ad90af,OTP,25,27.090,true,200,VALID
TRC-31f70a2a,OTP,25,28.175,true,200,VALID
TRC-5b49265a,OTP,25,27.141,true,200,VALID
TRC-233df20f,OTP,25,26.707,true,200,VALID
TRC-ff349e66,OTP,25,30.767,true,200,VALID
TRC-9929d1c2,OTP,25,30.253,true,200,VALID
TRC-fa3f7b5b,OTP,25,31.013,true,200,VALID
TRC-1af2ff6e,OTP,25,29.085,true,200,VALID
TRC-46f1f1c0,OTP,25,28.429,true,200,VALID
TRC-0205dda7,OTP,25,28.319,true,200,VALID
TRC-b0da21f7,OTP,25,37.071,true,200,VALID
TRC-3b02b677,OTP,25,36.603,true,200,VALID
TRC-ab68f8bb,OTP,25,36.175,true,200,VALID
TRC-0749523a,OTP,25,30.686,true,200,VALID
TRC-aa1f2f05,OTP,25,34.989,true,200,VALID
TRC-d57f05ff,OTP,25,31.091,true,200,VALID
TRC-4790d046,OTP,25,32.329,true,200,VALID
TRC-8beedad0,OTP,25,35.002,true,200,VALID
TRC-4953dd83,OTP,25,34.978,true,200,VALID
TRC-07e7d144,OTP,25,35.299,true,200,VALID
TRC-f9ece3a6,OTP,25,35.230,true,200,VALID
TRC-0ce65b24,OTP,25,30.467,true,200,VALID
TRC-9df1442d,OTP,25,30.548,true,200,VALID
TRC-cf0e836c,OTP,25,30.241,true,200,VALID
TRC-02215238,OTP,25,27.053,true,200,VALID
TRC-f8cf0c27,OTP,25,35.039,true,200,VALID
TRC-42bb433c,OTP,25,34.685,true,200,VALID
TRC-616fe413,OTP,25,30.071,true,200,VALID
TRC-a85ca336,OTP,25,33.288,true,200,VALID
TRC-d2a3a3d0,OTP,25,31.154,true,200,VALID
TRC-5dbb8782,OTP,25,37.203,true,200,VALID
TRC-b6138c26,OTP,25,37.924,true,200,VALID
TRC-1ac64379,OTP,25,37.546,true,200,VALID
TRC-b69b5550,OTP,25,29.434,true,200,VALID
TRC-2c81564b,OTP,25,26.890,true,200,VALID
TRC-2df1486f,OTP,25,30.941,true,200,VALID
TRC-126b4112,OTP,25,30.116,true,200,VALID
TRC-64706ca7,OTP,25,30.080,true,200,VALID
TRC-9c66a098,OTP,25,30.864,true,200,VALID
TRC-80024e39,OTP,25,29.844,true,200,VALID
TRC-9f2973ef,OTP,25,27.681,true,200,VALID
TRC-a7014e7c,OTP,25,30.985,true,200,VALID
TRC-7064c4ef,OTP,25,31.866,true,200,VALID
TRC-f5162bb9,OTP,25,32.756,true,200,VALID
TRC-b85f11dc,OTP,25,28.660,true,200,VALID
TRC-a9ffd041,OTP,25,29.691,true,200,VALID
TRC-4b2f1088,OTP,25,27.931,true,200,VALID
TRC-ce497ce7,OTP,25,29.741,true,200,VALID
TRC-259c55fd,OTP,25,31.902,true,200,VALID
TRC-e604f142,OTP,25,33.703,true,200,VALID
TRC-eb79600d,OTP,25,38.371,true,200,VALID
TRC-57079057,OTP,25,40.709,true,200,VALID
TRC-4e341504,OTP,25,31.087,true,200,VALID
TRC-e94e40ad,OTP,25,33.927,true,200,VALID
TRC-1d347584,OTP,25,33.697,true,200,VALID
TRC-bb15a5a1,OTP,25,33.852,true,200,VALID
TRC-c69509c2,OTP,25,30.410,true,200,VALID
TRC-449a2c47,OTP,25,29.441,true,200,VALID
TRC-28e87224,OTP,25,35.404,true,200,VALID
TRC-e29cbcb4,OTP,25,29.962,true,200,VALID
TRC-8296513b,OTP,25,29.572,true,200,VALID
TRC-76a6fe9d,OTP,25,29.527,true,200,VALID
TRC-a3e0b8c7,OTP,25,28.446,true,200,VALID
TRC-5a659623,OTP,25,35.075,true,200,VALID
TRC-e7b27605,OTP,25,32.352,true,200,VALID
TRC-9372c6a4,OTP,25,29.271,true,200,VALID
TRC-3c680197,OTP,25,35.563,true,200,VALID
TRC-0384e7ee,OTP,25,33.789,true,200,VALID
TRC-e8a07cc1,OTP,25,30.772,true,200,VALID
TRC-d2f3b210,OTP,25,35.425,true,200,VALID
TRC-ab3a2c31,OTP,25,36.441,true,200,VALID
TRC-479d84f4,OTP,25,37.350,true,200,VALID
TRC-41e6c8b4,OTP,25,37.421,true,200,VALID
TRC-555da02c,OTP,25,31.780,true,200,VALID
TRC-4cf5fde7,OTP,25,35.520,true,200,VALID
TRC-29a17e03,OTP,25,35.295,true,200,VALID
TRC-915cc0b7,OTP,25,34.911,true,200,VALID
TRC-1d3d5149,OTP,25,35.322,true,200,VALID
TRC-4561b702,QR,25,164.184,true,200,VALID
TRC-03c65cf0,QR,25,164.245,true,200,VALID
TRC-8a02300f,QR,25,164.190,true,200,VALID
TRC-ea4c68c3,QR,25,164.040,true,200,VALID
TRC-a2b6ffe9,QR,25,164.188,true,200,VALID
TRC-589a55eb,QR,25,163.935,true,200,VALID
TRC-6de534e8,QR,25,164.043,true,200,VALID
TRC-a47aee19,QR,25,163.848,true,200,VALID
TRC-d4173b01,QR,25,163.781,true,200,VALID
TRC-c150e074,QR,25,163.732,true,200,VALID
TRC-d21615f6,QR,25,120.449,true,200,VALID
TRC-86a32094,QR,25,119.414,true,200,VALID
TRC-ff93df41,QR,25,119.767,true,200,VALID
TRC-494b0c2f,QR,25,120.091,true,200,VALID
TRC-34219818,QR,25,70.046,true,200,VALID
TRC-097f75df,QR,25,69.701,true,200,VALID
TRC-0254cc59,QR,25,69.398,true,200,VALID
TRC-0bae9fcd,QR,25,69.964,true,200,VALID
TRC-8f946601,QR,25,48.809,true,200,VALID
TRC-c9e00001,QR,25,48.972,true,200,VALID
TRC-f06e1c2a,QR,25,10.927,true,200,VALID
TRC-099775ad,QR,25,14.899,true,200,VALID
TRC-d3981649,QR,25,20.195,true,200,VALID
TRC-46152763,QR,25,55.904,true,200,VALID
TRC-1b8d9f16,QR,25,65.088,true,200,VALID
TRC-4be46746,OTP,25,36.695,true,200,VALID
TRC-b82be5e6,OTP,25,30.224,true,200,VALID
TRC-e0f7f5e8,OTP,25,31.878,true,200,VALID
TRC-5fd00564,OTP,25,32.216,true,200,VALID
TRC-35ceb0bf,OTP,25,33.005,true,200,VALID
TRC-c5ac4ae4,OTP,25,31.207,true,200,VALID
TRC-ecac7ff1,OTP,25,31.585,true,200,VALID
TRC-9a710ace,OTP,25,29.136,true,200,VALID
TRC-b77060be,OTP,25,28.933,true,200,VALID
TRC-f457fd70,OTP,25,31.071,true,200,VALID
TRC-a0dfaf33,OTP,25,31.747,true,200,VALID
TRC-ad0c70d9,OTP,25,27.787,true,200,VALID
TRC-91cefe04,OTP,25,30.738,true,200,VALID
TRC-e711984d,OTP,25,36.215,true,200,VALID
TRC-d61f725d,OTP,25,36.935,true,200,VALID
TRC-2bc5a26f,OTP,25,37.073,true,200,VALID
TRC-aa598b8c,OTP,25,37.192,true,200,VALID
TRC-b0c53be7,OTP,25,36.432,true,200,VALID
TRC-fca2c014,OTP,25,36.698,true,200,VALID
TRC-ffd3cadd,OTP,25,37.264,true,200,VALID
TRC-86bd5a83,OTP,25,37.764,true,200,VALID
TRC-e69ca7e9,OTP,25,37.701,true,200,VALID
TRC-3484ad1d,OTP,25,38.120,true,200,VALID
TRC-95ca8db8,OTP,25,32.736,true,200,VALID
TRC-ed3a2697,OTP,25,33.126,true,200,VALID
TRC-15392638,OTP,25,33.075,true,200,VALID
TRC-926a2a3a,OTP,25,29.059,true,200,VALID
TRC-58f5d77e,OTP,25,30.090,true,200,VALID
TRC-ba4a6511,OTP,25,28.038,true,200,VALID
TRC-ae4690ea,OTP,25,27.774,true,200,VALID
TRC-2735fe0d,OTP,25,28.750,true,200,VALID
TRC-28dca748,OTP,25,29.005,true,200,VALID
TRC-664a18d5,OTP,25,30.076,true,200,VALID
TRC-3268d473,OTP,25,29.297,true,200,VALID
TRC-a8b29e53,OTP,25,30.860,true,200,VALID
TRC-14d9537b,OTP,25,31.607,true,200,VALID
TRC-51bbea73,OTP,25,35.529,true,200,VALID
TRC-f4102d71,OTP,25,30.550,true,200,VALID
TRC-45d04279,OTP,25,35.567,true,200,VALID
TRC-6795085e,OTP,25,33.290,true,200,VALID
TRC-897a518f,OTP,25,30.003,true,200,VALID
TRC-ac7dbedd,OTP,25,30.985,true,200,VALID
TRC-c9aab4ea,OTP,25,30.281,true,200,VALID
TRC-e401cdad,OTP,25,30.623,true,200,VALID
TRC-0dbbad05,OTP,25,32.181,true,200,VALID
TRC-674c7d80,OTP,25,35.943,true,200,VALID
TRC-2e031c16,OTP,25,30.593,true,200,VALID
TRC-023bf294,OTP,25,36.272,true,200,VALID
TRC-1de7acf6,OTP,25,30.917,true,200,VALID
TRC-097cd249,OTP,25,36.069,true,200,VALID
TRC-569de694,OTP,25,35.781,true,200,VALID
TRC-e86237ac,OTP,25,36.203,true,200,VALID
TRC-6b710d97,OTP,25,34.249,true,200,VALID
TRC-3723185c,OTP,25,34.714,true,200,VALID
TRC-bbd8b5fb,OTP,25,31.194,true,200,VALID
TRC-e6da7a15,OTP,25,36.072,true,200,VALID
TRC-cffb547f,OTP,25,34.933,true,200,VALID
TRC-0f2cc9cb,OTP,25,33.197,true,200,VALID
TRC-2184d8ea,OTP,25,35.910,true,200,VALID
TRC-f364c538,OTP,25,35.833,true,200,VALID
TRC-726425e5,OTP,25,34.649,true,200,VALID
TRC-5bcd16a6,OTP,25,33.681,true,200,VALID
TRC-12608f23,OTP,25,34.765,true,200,VALID
TRC-f12d15a1,OTP,25,33.417,true,200,VALID
TRC-828855e7,OTP,25,34.474,true,200,VALID
TRC-0bac7b17,OTP,25,35.574,true,200,VALID
TRC-9940fd1d,OTP,25,36.048,true,200,VALID
TRC-0bcdf053,OTP,25,30.334,true,200,VALID
TRC-1f90a0cc,OTP,25,31.698,true,200,VALID
TRC-9d006403,OTP,25,32.792,true,200,VALID
TRC-72577665,OTP,25,31.685,true,200,VALID
TRC-7fac6d46,OTP,25,28.856,true,200,VALID
TRC-cfb3cff9,OTP,25,26.420,true,200,VALID
TRC-3ca6b277,OTP,25,28.930,true,200,VALID
TRC-98591eca,OTP,25,28.950,true,200,VALID
TRC-d4929d16,OTP,25,30.335,true,200,VALID
TRC-70128021,OTP,25,30.312,true,200,VALID
TRC-6662069f,OTP,25,31.837,true,200,VALID
TRC-11c1d02a,OTP,25,35.339,true,200,VALID
TRC-67ef4fe7,OTP,25,40.611,true,200,VALID
TRC-4374a812,OTP,25,41.937,true,200,VALID
TRC-743b75be,OTP,25,30.691,true,200,VALID
TRC-02de8797,OTP,25,34.969,true,200,VALID
TRC-e5795001,OTP,25,32.508,true,200,VALID
TRC-106d17f3,OTP,25,34.782,true,200,VALID
TRC-90f17561,OTP,25,34.487,true,200,VALID
TRC-1b8d2bc8,OTP,25,34.629,true,200,VALID
TRC-ef4df5c8,OTP,25,36.352,true,200,VALID
TRC-eea5c52c,OTP,25,36.435,true,200,VALID
TRC-84dd4772,OTP,25,35.049,true,200,VALID
TRC-57fabdb0,OTP,25,34.423,true,200,VALID
TRC-219f7bd9,OTP,25,34.191,true,200,VALID
TRC-ff30ac4e,OTP,25,35.033,true,200,VALID
TRC-4f6ffbda,OTP,25,35.173,true,200,VALID
TRC-52577b1f,OTP,25,535.417,true,200,VALID
TRC-8f97ce2b,OTP,25,530.991,true,200,VALID
TRC-daae1220,QR,25,58.500,true,200,VALID
TRC-e6d94399,QR,25,10.206,true,200,VALID
TRC-23f1125b,QR,25,45.489,true,200,VALID
TRC-20a8aa48,QR,25,68.362,true,200,VALID
TRC-df6fe2d5,QR,25,97.066,true,200,VALID
TRC-7731e519,QR,25,117.178,true,200,VALID
TRC-3379109a,QR,25,117.041,true,200,VALID
TRC-ea9d0a2f,QR,25,121.481,true,200,VALID
TRC-9e952a84,QR,25,121.292,true,200,VALID
TRC-917133c8,QR,25,121.227,true,200,VALID
TRC-23148abb,QR,25,109.788,true,200,VALID
TRC-16cf72db,QR,25,109.760,true,200,VALID
TRC-be9714e4,QR,25,110.006,true,200,VALID
TRC-4e6a0e82,QR,25,96.212,true,200,VALID
TRC-5c95d83a,QR,25,96.188,true,200,VALID
TRC-7bcec137,QR,25,76.069,true,200,VALID
TRC-a77752bc,QR,25,9.190,true,200,VALID
TRC-c367b51d,QR,25,31.184,true,200,VALID
TRC-8e82dafb,QR,25,72.567,true,200,VALID
TRC-4b63c5bc,QR,25,96.003,true,200,VALID
TRC-c7e68098,QR,25,100.698,true,200,VALID
TRC-2ea9769f,QR,25,95.380,true,200,VALID
TRC-f7a38fae,QR,25,103.579,true,200,VALID
TRC-5e80c639,QR,25,107.796,true,200,VALID
TRC-b99437ed,QR,25,107.806,true,200,VALID
TRC-fbf52d02,QR,25,107.386,true,200,VALID
TRC-bc1925dc,QR,25,107.277,true,200,VALID
TRC-345ecc6f,OTP,25,37.767,true,200,VALID
TRC-974083c4,OTP,25,37.314,true,200,VALID
TRC-103a61c7,OTP,25,36.689,true,200,VALID
TRC-542b29d6,OTP,25,38.106,true,200,VALID
TRC-9f89d5d2,OTP,25,37.265,true,200,VALID
TRC-a8ef02cd,OTP,25,37.116,true,200,VALID
TRC-bc79cccb,OTP,25,38.263,true,200,VALID
TRC-6f9d3fa1,OTP,25,667.914,true,200,VALID
TRC-02dd1c63,OTP,25,684.798,true,200,VALID
TRC-c9184e6d,OTP,25,686.221,true,200,VALID
TRC-ad55eb5b,OTP,25,617.085,true,200,VALID
TRC-4e2c1a57,OTP,25,625.459,true,200,VALID
TRC-0c7b3c82,OTP,25,508.385,true,200,VALID
TRC-5c1cddc7,OTP,25,612.669,true,200,VALID
TRC-53515e3a,OTP,25,527.537,true,200,VALID
TRC-0f3b6c03,OTP,25,518.944,true,200,VALID
TRC-26602034,OTP,25,545.187,true,200,VALID
TRC-ca51b79b,OTP,25,534.392,true,200,VALID
TRC-5792f349,OTP,25,527.664,true,200,VALID
TRC-c7804385,OTP,25,550.930,true,200,VALID
TRC-ff90baec,OTP,25,521.808,true,200,VALID
TRC-e87d5ae0,OTP,25,518.205,true,200,VALID
TRC-f017bd52,OTP,25,513.334,true,200,VALID
TRC-512a9f6d,OTP,25,509.621,true,200,VALID
TRC-089c29bf,OTP,25,511.773,true,200,VALID
TRC-a3397290,QR,25,163.917,true,200,VALID
TRC-e3437b5a,QR,25,58.377,true,200,VALID
TRC-1f631fa3,QR,25,109.669,true,200,VALID
TRC-369eb412,QR,25,83.295,true,200,VALID
TRC-73fb6377,QR,25,47.848,true,200,VALID
TRC-782f8e68,QR,25,126.541,true,200,VALID
TRC-2435b762,QR,25,67.409,true,200,VALID
TRC-55252d1e,QR,25,53.700,true,200,VALID
TRC-8290f447,QR,25,54.044,true,200,VALID
TRC-10c3e193,QR,25,32.980,true,200,VALID
TRC-be7008fc,QR,25,135.258,true,200,VALID
TRC-764af331,QR,25,145.976,true,200,VALID
TRC-3305dfda,QR,25,135.366,true,200,VALID
TRC-f0e70ba7,QR,25,91.698,true,200,VALID
TRC-4cd5f7c1,QR,25,78.889,true,200,VALID
TRC-a5dac6b6,OTP,25,32.100,true,200,VALID
TRC-b3a8f9fe,OTP,25,36.519,true,200,VALID
TRC-dce09c4b,OTP,25,37.404,true,200,VALID
TRC-2246496d,OTP,25,33.806,true,200,VALID
TRC-0b3f0e5d,OTP,25,30.673,true,200,VALID
TRC-a5fd7cfb,OTP,25,26.477,true,200,VALID
TRC-bc54a86a,OTP,25,33.197,true,200,VALID
TRC-d25bb574,OTP,25,31.484,true,200,VALID
TRC-4c637592,OTP,25,31.562,true,200,VALID
TRC-254a28ae,OTP,25,27.764,true,200,VALID
TRC-0c14de27,OTP,25,27.840,true,200,VALID
TRC-babb5e6a,OTP,25,30.434,true,200,VALID
TRC-03d03f4d,OTP,25,34.026,true,200,VALID
TRC-15db4da3,OTP,25,37.817,true,200,VALID
TRC-037e7aa7,OTP,25,35.944,true,200,VALID
TRC-2157a654,OTP,25,37.916,true,200,VALID
TRC-aa47b4f7,OTP,25,33.319,true,200,VALID
TRC-01e3a413,OTP,25,34.820,true,200,VALID
TRC-f6402ad1,OTP,25,35.529,true,200,VALID
TRC-8f7a93d3,OTP,25,28.617,true,200,VALID
TRC-af64b9f2,OTP,25,30.905,true,200,VALID
TRC-4c2c573b,OTP,25,27.037,true,200,VALID
TRC-8bf340ad,OTP,25,30.311,true,200,VALID
TRC-1d8f2b6a,OTP,25,28.385,true,200,VALID
TRC-cfd6caf8,OTP,25,31.039,true,200,VALID
TRC-2d24cce2,OTP,25,517.291,true,200,VALID
TRC-11ef68b6,OTP,25,535.783,true,200,VALID
TRC-3c22cad2,QR,25,164.004,true,200,VALID
TRC-36f83f73,QR,25,163.876,true,200,VALID
TRC-e26779ae,QR,25,163.798,true,200,VALID
TRC-45c7ea73,QR,25,119.230,true,200,VALID
TRC-0f584e3a,QR,25,155.960,true,200,VALID
TRC-0c595635,QR,25,111.824,true,200,VALID
TRC-a7523968,QR,25,102.630,true,200,VALID
TRC-4a11b36e,QR,25,103.675,true,200,VALID
TRC-777313f6,QR,25,103.031,true,200,VALID
TRC-27cb6d14,QR,25,103.159,true,200,VALID
TRC-17434ff8,QR,25,83.750,true,200,VALID
TRC-05c34aed,QR,25,83.534,true,200,VALID
TRC-21ce4f04,QR,25,83.619,true,200,VALID
TRC-3a8aace9,QR,25,57.930,true,200,VALID
TRC-2d3587a8,OTP,25,43.915,true,200,VALID
TRC-18755a28,OTP,25,34.799,true,200,VALID
TRC-ad0c14ea,OTP,25,27.664,true,200,VALID
TRC-ffe31a71,OTP,25,28.832,true,200,VALID
TRC-95efa58b,OTP,25,35.630,true,200,VALID
TRC-d0541791,OTP,25,35.666,true,200,VALID
TRC-4ca52956,OTP,25,35.236,true,200,VALID
TRC-93145265,OTP,25,35.698,true,200,VALID
TRC-ef249f04,OTP,25,35.718,true,200,VALID
TRC-e7a39782,OTP,25,37.691,true,200,VALID
TRC-149e7d53,OTP,25,29.198,true,200,VALID
TRC-56dac531,OTP,25,31.295,true,200,VALID
TRC-338112dc,OTP,25,31.623,true,200,VALID
TRC-9776c147,OTP,25,33.499,true,200,VALID
TRC-870e63cc,OTP,25,29.110,true,200,VALID
TRC-b3a63454,OTP,25,28.457,true,200,VALID
TRC-92b7e924,OTP,25,27.745,true,200,VALID
TRC-fdf37f7f,OTP,25,28.828,true,200,VALID
TRC-b2947b21,OTP,25,31.045,true,200,VALID
TRC-fd01abcd,OTP,25,38.773,true,200,VALID
TRC-b70528d3,OTP,25,33.768,true,200,VALID
TRC-e0bd11b9,OTP,25,31.052,true,200,VALID
TRC-56468684,OTP,25,30.610,true,200,VALID
TRC-45e685b9,OTP,25,29.885,true,200,VALID
TRC-741147b4,OTP,25,29.637,true,200,VALID
TRC-01a63e76,OTP,25,29.123,true,200,VALID
TRC-6ed5e49b,OTP,25,28.266,true,200,VALID
TRC-62bbac37,OTP,25,28.297,true,200,VALID
TRC-da431878,OTP,25,28.478,true,200,VALID
TRC-63a05ffd,OTP,25,44.995,true,200,VALID
TRC-313e3d1c,OTP,25,39.688,true,200,VALID
TRC-14df3ed2,OTP,25,531.566,true,200,VALID
TRC-2b01f07e,OTP,25,534.368,true,200,VALID
TRC-6fdf0ed9,QR,25,123.499,true,200,VALID
TRC-b23e77e8,QR,25,85.320,true,200,VALID
TRC-b7adf3de,QR,25,90.344,true,200,VALID
TRC-8adf8fe7,QR,25,79.120,true,200,VALID
TRC-2d2bfc60,QR,25,148.513,true,200,VALID
TRC-9e6ca239,QR,25,101.583,true,200,VALID
TRC-f97fd767,QR,25,32.833,true,200,VALID
TRC-d50d0bb2,QR,25,33.490,true,200,VALID
TRC-83a04fb8,QR,25,164.286,true,200,VALID
TRC-6436a820,QR,25,164.215,true,200,VALID
TRC-07c8f061,QR,25,164.270,true,200,VALID
TRC-6b813ed4,QR,25,164.099,true,200,VALID
TRC-89073049,QR,25,163.930,true,200,VALID
TRC-32b5fb96,QR,25,164.086,true,200,VALID
TRC-92b27fa9,QR,25,164.448,true,200,VALID
TRC-aba91ab0,QR,25,164.433,true,200,VALID
TRC-eb290e5c,QR,25,182.548,true,200,VALID
TRC-a3479840,QR,25,182.254,true,200,VALID
TRC-c79b408e,QR,25,182.397,true,200,VALID
TRC-11b5300a,QR,25,175.909,true,200,VALID
TRC-76594f3d,QR,25,164.044,true,200,VALID
TRC-961330c8,QR,25,163.974,true,200,VALID
TRC-def1747b,QR,25,163.923,true,200,VALID
TRC-58fad48b,QR,25,164.356,true,200,VALID
TRC-a9911ad3,QR,25,178.115,true,200,VALID
TRC-89083a5c,QR,25,166.215,true,200,VALID
TRC-5bd48708,QR,25,154.203,true,200,VALID
TRC-2c74bf13,QR,25,154.228,true,200,VALID
TRC-66d9ae4c,QR,25,120.850,true,200,VALID
TRC-e2525932,QR,25,121.406,true,200,VALID
TRC-4d99a7ed,QR,25,121.186,true,200,VALID
TRC-061b7b37,QR,25,120.706,true,200,VALID
TRC-5f0f3c5c,QR,25,120.109,true,200,VALID
TRC-38244bcb,QR,25,119.340,true,200,VALID
TRC-20e63a42,QR,25,58.809,true,200,VALID
TRC-d4fe8941,QR,25,11.261,true,200,VALID
TRC-d01e6ffa,QR,25,110.154,true,200,VALID
TRC-3d4ed82f,QR,25,109.945,true,200,VALID
TRC-b9dbbd53,QR,25,111.207,true,200,VALID
TRC-eeb60c7c,QR,25,83.569,true,200,VALID
TRC-48c86b69,QR,25,83.474,true,200,VALID
TRC-9a1655cf,QR,25,65.438,true,200,VALID
TRC-bddcae78,QR,25,25.785,true,200,VALID
TRC-7b119447,QR,25,25.817,true,200,VALID
TRC-334871cb,QR,25,92.370,true,200,VALID
TRC-d19aba44,QR,25,115.545,true,200,VALID
TRC-c8edd70d,QR,25,101.689,true,200,VALID
TRC-bed90e93,QR,25,101.524,true,200,VALID
TRC-69192d58,QR,25,101.432,true,200,VALID
TRC-3ef616dc,QR,25,96.866,true,200,VALID
TRC-06bec3af,QR,25,47.930,true,200,VALID
TRC-e158d3bf,QR,25,105.725,true,200,VALID
TRC-f836087c,QR,25,105.537,true,200,VALID
TRC-f6a687a1,QR,25,67.569,true,200,VALID
TRC-5118c5f7,QR,25,79.276,true,200,VALID
TRC-e3d91093,QR,25,62.491,true,200,VALID
TRC-825fe573,QR,25,10.439,true,200,VALID
TRC-75e69c26,QR,25,47.535,true,200,VALID
TRC-6e7e53a5,QR,25,10.227,true,200,VALID
TRC-9c89dcef,QR,25,103.425,true,200,VALID
TRC-8678d9be,QR,25,135.440,true,200,VALID
TRC-81133be3,QR,25,130.713,true,200,VALID
TRC-0a60befb,QR,25,132.510,true,200,VALID
TRC-fd233746,QR,25,66.312,true,200,VALID
TRC-325d6558,QR,25,12.540,true,200,VALID
TRC-9c440c4e,QR,25,141.959,true,200,VALID
TRC-f31a134b,QR,25,141.543,true,200,VALID
TRC-bced5a01,QR,25,149.713,true,200,VALID
TRC-b74f0f6c,QR,25,141.801,true,200,VALID
TRC-48e9b93b,QR,25,141.805,true,200,VALID
TRC-cb10220b,QR,25,99.738,true,200,VALID
TRC-907d13ec,QR,25,99.866,true,200,VALID
TRC-b955f892,QR,25,100.108,true,200,VALID
TRC-e0aba98a,QR,25,99.793,true,200,VALID
TRC-910a4429,QR,25,58.581,true,200,VALID
TRC-b0843a7e,QR,25,129.538,true,200,VALID
TRC-c1f2b0c9,QR,25,130.684,true,200,VALID
TRC-a85da85d,QR,25,130.433,true,200,VALID
TRC-eb02e0f8,QR,25,114.659,true,200,VALID
TRC-4b910eb3,QR,25,83.746,true,200,VALID
TRC-509d2846,QR,25,95.552,true,200,VALID
TRC-114affbc,QR,25,64.983,true,200,VALID
TRC-dfc84d25,QR,25,93.619,true,200,VALID
TRC-b04d3f38,QR,25,152.129,true,200,VALID
TRC-1c5610b9,QR,25,126.046,true,200,VALID
TRC-0b11e27b,QR,25,118.589,true,200,VALID
TRC-c3d5df92,QR,25,118.601,true,200,VALID
TRC-bb5127f7,QR,25,105.033,true,200,VALID
TRC-cf7c48d1,QR,25,104.583,true,200,VALID
TRC-3ad88852,QR,25,104.766,true,200,VALID
TRC-3e847573,QR,25,104.991,true,200,VALID
TRC-06cc929b,QR,25,67.385,true,200,VALID
TRC-42c3091e,QR,25,117.747,true,200,VALID
TRC-0d6f4cd7,QR,25,118.070,true,200,VALID
TRC-7c6ee48b,QR,25,119.115,true,200,VALID
TRC-036617da,QR,25,117.989,true,200,VALID
TRC-8440c93a,QR,25,182.414,true,200,VALID
TRC-bc273ac6,QR,25,175.578,true,200,VALID
TRC-f0f463f4,QR,25,174.784,true,200,VALID
TRC-83ef4fcf,QR,25,175.870,true,200,VALID
TRC-f27733cb,QR,25,175.679,true,200,VALID
TRC-3fb316cc,QR,25,157.273,true,200,VALID
TRC-4751d8bf,QR,25,156.529,true,200,VALID
TRC-3d1f0a2c,QR,25,156.820,true,200,VALID
TRC-729d75e7,QR,25,177.285,true,200,VALID
TRC-a7cde466,QR,25,123.452,true,200,VALID
TRC-b2129b09,QR,25,157.333,true,200,VALID
TRC-67fd4f0b,QR,25,123.339,true,200,VALID
TRC-0af623a5,QR,25,123.265,true,200,VALID
TRC-92f6d39b,QR,25,122.739,true,200,VALID
TRC-0362198f,QR,25,84.287,true,200,VALID
TRC-8c4bd59c,QR,25,84.584,true,200,VALID
TRC-d559b739,QR,25,85.350,true,200,VALID
TRC-8bb95899,QR,25,11.058,true,200,VALID
TRC-2bb2d436,QR,25,80.228,true,200,VALID
TRC-3211a7e5,QR,25,108.932,true,200,VALID
TRC-cbff5a34,QR,25,139.905,true,200,VALID
TRC-8c328f4f,QR,25,79.529,true,200,VALID
TRC-928b747e,QR,25,129.912,true,200,VALID
TRC-7cd8b922,QR,25,107.714,true,200,VALID
TRC-54dffe49,QR,25,117.984,true,200,VALID
TRC-ee341d4d,QR,25,125.397,true,200,VALID
TRC-33aa472d,QR,25,126.207,true,200,VALID
TRC-00b0f692,QR,25,126.000,true,200,VALID
TRC-bc21155d,QR,25,117.125,true,200,VALID
TRC-2c8bbf73,QR,25,116.975,true,200,VALID
TRC-bffbeddf,QR,25,95.858,true,200,VALID
TRC-721783b0,QR,25,95.653,true,200,VALID
TRC-5625645f,QR,25,55.186,true,200,VALID
TRC-9a7612e8,QR_OTP,25,240.612,true,200,VALID
TRC-7983f70a,QR_OTP,25,240.744,true,200,VALID
TRC-0bc8787f,QR_OTP,25,125.438,true,200,VALID
TRC-6f543609,QR_OTP,25,125.983,true,200,VALID
TRC-d1b36bce,QR_OTP,25,167.535,true,200,VALID
TRC-d27ab456,QR_OTP,25,126.159,true,200,VALID
TRC-484b4b89,QR_OTP,25,120.597,true,200,VALID
TRC-dc22b4c3,QR_OTP,25,92.671,true,200,VALID
TRC-faac970e,QR_OTP,25,88.892,true,200,VALID
TRC-bda2b96c,QR_OTP,25,66.200,true,200,VALID
TRC-307fd6fe,QR_OTP,25,67.938,true,200,VALID
TRC-045d8543,QR_OTP,25,68.219,true,200,VALID
TRC-c50e167c,QR_OTP,25,134.733,true,200,VALID
TRC-db9c299a,QR_OTP,25,131.588,true,200,VALID
TRC-93179c9e,QR_OTP,25,112.644,true,200,VALID
TRC-2f9bd0de,QR_OTP,25,88.697,true,200,VALID
TRC-4972e2fe,QR_OTP,25,116.493,true,200,VALID
TRC-5e3cd1c9,QR_OTP,25,121.753,true,200,VALID
TRC-939ae708,QR_OTP,25,122.571,true,200,VALID
TRC-8ae202de,QR_OTP,25,73.109,true,200,VALID
TRC-5aab8639,QR_OTP,25,81.912,true,200,VALID
TRC-b7841d1c,QR_OTP,25,199.726,true,200,VALID
TRC-bca118ee,QR_OTP,25,200.687,true,200,VALID
TRC-f6f5eae4,QR_OTP,25,199.301,true,200,VALID
TRC-5aaaaea8,QR_OTP,25,117.792,true,200,VALID
TRC-6ebbfada,QR_OTP,25,117.279,true,200,VALID
TRC-f2f645aa,QR_OTP,25,117.086,true,200,VALID
TRC-31f48508,QR_OTP,25,117.998,true,200,VALID
TRC-f36a71a3,QR_OTP,25,117.652,true,200,VALID
TRC-1f98ec4a,QR_OTP,25,56.964,true,200,VALID
TRC-90f83ab1,QR_OTP,25,154.666,true,200,VALID
TRC-5cae7671,QR_OTP,25,156.757,true,200,VALID
TRC-2fccc608,QR,25,116.826,true,200,VALID
TRC-980d37b2,QR,25,116.954,true,200,VALID
TRC-5ba676b5,QR,25,117.186,true,200,VALID
TRC-aca68c1b,QR,25,116.776,true,200,VALID
TRC-bc979364,QR,25,95.991,true,200,VALID
TRC-cf3861c7,QR,25,10.037,true,200,VALID
TRC-93d53978,QR,25,131.499,true,200,VALID
TRC-ce0e6200,QR,25,122.710,true,200,VALID
TRC-7adbfb40,QR,25,126.742,true,200,VALID
TRC-35672681,QR,25,121.751,true,200,VALID
TRC-fa288b26,QR,25,121.637,true,200,VALID
TRC-c5c76073,QR,25,130.967,true,200,VALID
TRC-5ef05ec2,QR,25,121.319,true,200,VALID
TRC-3a7b3aac,QR,25,120.940,true,200,VALID
TRC-c84f78ab,QR,25,106.921,true,200,VALID
TRC-662796b2,QR,25,108.753,true,200,VALID
TRC-bf6e333e,QR,25,91.227,true,200,VALID
TRC-9fa8f142,QR,25,86.018,true,200,VALID
TRC-5f5a76d8,QR,25,73.407,true,200,VALID
TRC-0ca089d5,QR,25,86.070,true,200,VALID
TRC-df6d4449,QR,25,73.162,true,200,VALID
TRC-d93cb04e,QR,25,73.034,true,200,VALID
TRC-8fbc6f51,QR,25,13.293,true,200,VALID
TRC-e6d3a731,QR,25,10.399,true,200,VALID
TRC-869d8934,QR,25,14.498,true,200,VALID
TRC-1a5f326e,QR,25,10.064,true,200,VALID
TRC-d006d49a,QR,25,136.103,true,200,VALID
TRC-3d46d67a,QR,25,146.298,true,200,VALID
TRC-56a428fa,QR,25,146.610,true,200,VALID
TRC-d1d10178,QR,25,139.978,true,200,VALID
TRC-804bedfa,QR,25,140.627,true,200,VALID
TRC-fcd2d1bf,QR,25,127.590,true,200,VALID
TRC-14efd8e3,QR_OTP,25,116.313,true,200,VALID
TRC-d7af0c3b,QR_OTP,25,129.577,true,200,VALID
TRC-b5c9e595,QR_OTP,25,123.376,true,200,VALID
TRC-3e551c7c,QR_OTP,25,123.916,true,200,VALID
TRC-683199c7,QR_OTP,25,143.583,true,200,VALID
TRC-42deacad,QR_OTP,25,106.982,true,200,VALID
TRC-02585561,QR_OTP,25,106.515,true,200,VALID
TRC-620419fc,QR,25,12.145,true,200,VALID
TRC-8e573aca,QR,25,31.837,true,200,VALID
TRC-b6c9a78f,QR,25,53.217,true,200,VALID
TRC-1e62a1ab,QR,25,70.371,true,200,VALID
TRC-2e769019,QR,25,70.326,true,200,VALID
TRC-9afa0a45,QR,25,96.163,true,200,VALID
TRC-93e86a50,QR,25,91.573,true,200,VALID
TRC-06b811fc,QR,25,99.173,true,200,VALID
TRC-a7e8eb01,QR,25,103.460,true,200,VALID
TRC-4a7afc0f,QR,25,109.708,true,200,VALID
TRC-f4bc8a95,QR,25,100.720,true,200,VALID
TRC-848755e0,QR,25,106.267,true,200,VALID
TRC-cb30c0f2,QR,25,76.286,true,200,VALID
TRC-8a8815ca,QR,25,76.398,true,200,VALID
TRC-8530a893,QR,25,76.622,true,200,VALID
TRC-2303059b,QR,25,64.862,true,200,VALID
TRC-f297f54a,QR,25,64.487,true,200,VALID
TRC-4b5bfcb4,QR,25,28.564,true,200,VALID
TRC-81138aed,QR,25,28.371,true,200,VALID
TRC-0f8a6a64,QR,25,28.749,true,200,VALID
TRC-7faa3c7e,QR,25,8.287,true,200,VALID
TRC-cb419da7,QR,25,11.468,true,200,VALID
TRC-d505f101,QR,25,82.927,true,200,VALID
TRC-4f105d91,QR,25,82.916,true,200,VALID
TRC-b979f64f,QR,25,94.864,true,200,VALID
TRC-08974a0b,QR,25,94.638,true,200,VALID
TRC-c86bb87d,QR,25,95.236,true,200,VALID
TRC-43710d7f,QR,25,112.867,true,200,VALID
TRC-3942641f,QR,25,112.820,true,200,VALID
TRC-f9298bae,QR,25,99.865,true,200,VALID
TRC-eaa67fc6,QR,25,114.420,true,200,VALID
TRC-d0191b72,QR,25,77.353,true,200,VALID
TRC-6382397c,QR,25,47.706,true,200,VALID
TRC-79395fe9,QR,25,48.144,true,200,VALID
TRC-77e7adf4,QR,25,47.946,true,200,VALID
TRC-3ea66665,QR,25,47.975,true,200,VALID
TRC-9df788f1,QR,25,11.606,true,200,VALID
TRC-4d15c77f,QR,25,12.985,true,200,VALID
TRC-6abddf65,QR,25,152.217,true,200,VALID
TRC-af691886,QR,25,205.879,true,200,VALID
TRC-0636d70e,QR,25,206.040,true,200,VALID
TRC-e4030ad7,QR,25,77.205,true,200,VALID
TRC-5e815fe6,QR,25,48.478,true,200,VALID
TRC-b9fa1488,QR,25,151.501,true,200,VALID
TRC-216a04b7,QR,25,105.471,true,200,VALID
TRC-e4a24594,QR,25,121.795,true,200,VALID
TRC-97e275ae,QR,25,118.255,true,200,VALID
TRC-34aafd54,QR,25,104.931,true,200,VALID
TRC-39aec86c,QR,25,91.612,true,200,VALID
TRC-24947eb9,QR,25,92.436,true,200,VALID
TRC-571c6403,QR,25,66.894,true,200,VALID
TRC-805a7e77,QR,25,16.895,true,200,VALID
TRC-ad9e5b0e,QR,25,145.289,true,200,VALID
TRC-d12fd396,QR,25,131.635,true,200,VALID
TRC-4a952684,QR,25,131.545,true,200,VALID
TRC-20f0b14a,QR,25,131.867,true,200,VALID
TRC-e99b4729,QR,25,112.021,true,200,VALID
TRC-c1220a2c,QR,25,132.702,true,200,VALID
TRC-a17666ff,QR,25,112.206,true,200,VALID
TRC-030dd2c6,QR,25,112.162,true,200,VALID
TRC-b0427d6f,QR,25,112.615,true,200,VALID
TRC-635101f9,QR,25,112.290,true,200,VALID
TRC-be9af26d,QR,25,112.354,true,200,VALID
TRC-bfd1f80c,QR,25,92.548,true,200,VALID
TRC-34740426,QR,25,92.335,true,200,VALID
TRC-94f1010f,QR,25,57.089,true,200,VALID
TRC-15397b75,QR,25,92.516,true,200,VALID
TRC-a6c2fad9,QR,25,56.343,true,200,VALID
TRC-85219ad4,QR,25,93.057,true,200,VALID
TRC-67606de6,QR,25,57.556,true,200,VALID
TRC-e8b1ee3e,QR,25,10.006,true,200,VALID
TRC-1ae3ae62,QR,25,53.055,true,200,VALID
TRC-280cbc6f,QR,25,53.261,true,200,VALID
TRC-cb36511e,QR,25,77.958,true,200,VALID
TRC-b1b923f6,QR,25,101.235,true,200,VALID
TRC-15dda79e,QR,25,117.658,true,200,VALID
TRC-f8045a32,QR,25,119.868,true,200,VALID
TRC-f6e348a0,QR,25,117.276,true,200,VALID
TRC-ee11f591,QR,25,117.475,true,200,VALID
TRC-5818511e,QR,25,120.108,true,200,VALID
TRC-bb545d1f,QR,25,118.576,true,200,VALID
TRC-df81bd60,QR,25,118.465,true,200,VALID
TRC-e9c03c16,QR,25,206.505,true,200,VALID
TRC-0216334c,QR,25,191.669,true,200,VALID
TRC-daf83788,QR,25,191.526,true,200,VALID
TRC-aea2a052,QR,25,192.451,true,200,VALID
TRC-cdb00f99,QR,25,150.933,true,200,VALID
TRC-8890224c,QR,25,150.387,true,200,VALID
TRC-31edbef1,QR,25,152.925,true,200,VALID
TRC-2b8939fb,QR,25,151.880,true,200,VALID
TRC-b80c666d,QR,25,150.171,true,200,VALID
TRC-f95a787d,QR,25,104.188,true,200,VALID
TRC-a82c5197,QR,25,103.962,true,200,VALID
TRC-909cd124,QR,25,103.682,true,200,VALID
TRC-39b9ccae,QR,25,103.513,true,200,VALID
TRC-e90420d0,QR,25,102.609,true,200,VALID
TRC-605e6441,QR,25,103.126,true,200,VALID
TRC-21d17a10,QR,25,102.381,true,200,VALID
TRC-bc21684f,QR,25,102.117,true,200,VALID
TRC-3fea0f47,QR,25,8.769,true,200,VALID
TRC-21eb3090,QR,25,36.065,true,200,VALID
TRC-ff9e878d,QR,25,46.844,true,200,VALID
TRC-b5e8b967,QR,25,58.753,true,200,VALID
TRC-c46f6f3c,QR,25,75.455,true,200,VALID
TRC-7bb08054,QR,25,98.799,true,200,VALID
TRC-27282688,QR,25,119.400,true,200,VALID
TRC-5a5a15f9,QR,25,10.967,true,200,VALID
TRC-760acde2,QR,25,78.653,true,200,VALID
TRC-3f9040d1,QR,25,131.758,true,200,VALID
TRC-0139c1fc,QR,25,108.475,true,200,VALID
TRC-7e63d35e,QR,25,108.328,true,200,VALID
TRC-823d1887,QR,25,108.551,true,200,VALID
TRC-b88ed6ee,QR,25,91.817,true,200,VALID
TRC-5f46c3b2,QR,25,91.916,true,200,VALID
TRC-c6988c81,QR,25,92.237,true,200,VALID
TRC-a4bdb921,QR,25,53.645,true,200,VALID
TRC-041a3acd,QR,25,54.463,true,200,VALID
TRC-a1ab4987,QR,25,8.114,true,200,VALID
TRC-fea29f61,QR,25,85.691,true,200,VALID
TRC-d482799a,QR,25,114.889,true,200,VALID
TRC-dae67fb2,QR,25,132.680,true,200,VALID
TRC-a6757772,QR,25,133.903,true,200,VALID
TRC-dd36feb1,QR,25,131.200,true,200,VALID
TRC-d064e161,QR,25,109.038,true,200,VALID
TRC-1d61c4d1,QR,25,74.180,true,200,VALID
TRC-f9599bcf,QR,25,73.796,true,200,VALID
TRC-79e29e5b,QR,25,108.987,true,200,VALID
TRC-4a20d3ea,QR,25,75.063,true,200,VALID
TRC-84d52ef7,QR,25,59.520,true,200,VALID
TRC-7df18abb,QR,25,28.628,true,200,VALID
TRC-21d3ea21,QR,25,16.253,true,200,VALID
TRC-b5eae30e,QR,25,20.829,true,200,VALID
TRC-6a887eee,QR,25,21.360,true,200,VALID
TRC-1de3902d,QR,25,140.397,true,200,VALID
TRC-828a3ee3,QR,25,123.861,true,200,VALID
TRC-c66881bb,QR,25,84.412,true,200,VALID
TRC-9b625ada,QR,25,84.064,true,200,VALID
TRC-caae611c,QR,25,129.849,true,200,VALID
TRC-6c653c00,QR,25,106.026,true,200,VALID
TRC-3567a9e6,QR,25,79.326,true,200,VALID
TRC-d352697d,QR,25,84.134,true,200,VALID
TRC-90b1598e,QR,25,85.153,true,200,VALID
TRC-88242bac,QR,25,113.046,true,200,VALID
TRC-cd4a13d0,QR,25,113.281,true,200,VALID
TRC-6b147025,QR,25,48.546,true,200,VALID
TRC-6ec5ce75,QR,25,60.358,true,200,VALID
TRC-fdead4e2,QR,25,19.694,true,200,VALID
TRC-d1a2e1f7,QR,25,19.890,true,200,VALID
TRC-e6cc4d29,QR,25,10.441,true,200,VALID
TRC-9694ff07,QR,25,357.232,true,200,VALID
TRC-439b0051,QR,25,410.869,true,200,VALID
TRC-e551d60a,QR,25,411.608,true,200,VALID
TRC-51cf3920,QR,25,412.628,true,200,VALID
TRC-69b3f974,QR,25,413.088,true,200,VALID
TRC-3b3d85d1,QR,25,413.385,true,200,VALID
TRC-331d0555,QR,25,403.014,true,200,VALID
TRC-fe257aa2,QR,25,403.245,true,200,VALID
TRC-8a90e4e5,QR,25,405.816,true,200,VALID
TRC-9166ec2a,QR,25,406.589,true,200,VALID
TRC-a3902344,QR,25,408.359,true,200,VALID
TRC-21eba141,QR,25,78.697,true,200,VALID
TRC-96ce730a,QR,25,136.615,true,200,VALID
TRC-0097e7eb,QR,25,139.939,true,200,VALID
TRC-2b2bab7d,QR,25,138.014,true,200,VALID
TRC-a59d736f,QR,25,122.266,true,200,VALID
TRC-be12abae,QR,25,131.050,true,200,VALID
TRC-2e89e9ef,QR,25,131.642,true,200,VALID
TRC-6cc419a3,QR,25,67.927,true,200,VALID
TRC-f8554ae1,QR,25,27.908,true,200,VALID
TRC-6dce9800,QR,25,132.648,true,200,VALID
TRC-d14ff4c1,QR,25,102.405,true,200,VALID
TRC-e3f6358c,QR,25,102.788,true,200,VALID
TRC-c260309d,QR,25,103.056,true,200,VALID
TRC-69bb3bbb,QR,25,102.036,true,200,VALID
TRC-f8d92f0a,QR,25,154.456,true,200,VALID
TRC-ba61817a,QR,25,141.580,true,200,VALID
TRC-79765262,QR,25,141.552,true,200,VALID
TRC-c4393288,QR,25,99.734,true,200,VALID
TRC-183dc0b6,QR,25,58.535,true,200,VALID
TRC-9f057c52,QR,25,58.817,true,200,VALID
TRC-3f799a74,QR,25,58.588,true,200,VALID
TRC-6f0a4571,QR,25,58.756,true,200,VALID
TRC-555385fb,QR,25,71.373,true,200,VALID
TRC-bbc1bc9a,QR,25,68.505,true,200,VALID
TRC-43924685,QR,25,143.262,true,200,VALID
TRC-c5fcc61d,QR,25,143.549,true,200,VALID
TRC-75cc810b,QR,25,143.200,true,200,VALID
TRC-3ee02552,QR,25,138.995,true,200,VALID
TRC-1ad72249,QR,25,140.317,true,200,VALID
TRC-bfa73b9f,QR,25,140.455,true,200,VALID
TRC-50e971d0,QR,25,86.776,true,200,VALID
TRC-aef2175d,QR,25,146.349,true,200,VALID
TRC-afd52fb7,QR,25,146.256,true,200,VALID
TRC-cec025fe,QR,25,149.122,true,200,VALID
TRC-c5ee5fa6,QR,25,136.722,true,200,VALID
TRC-81559c54,QR,25,117.081,true,200,VALID
TRC-3ef0f625,QR,25,117.859,true,200,VALID
TRC-76b8735e,QR,25,117.270,true,200,VALID
TRC-ffa4a4b6,QR,25,117.493,true,200,VALID
TRC-513e426d,QR,25,104.278,true,200,VALID
TRC-f0df323c,QR,25,103.945,true,200,VALID
TRC-ecce7cbf,QR,25,33.801,true,200,VALID
TRC-68fecafc,QR,25,140.524,true,200,VALID
TRC-87bb010d,QR,25,140.359,true,200,VALID
TRC-b7841822,QR,25,140.429,true,200,VALID
TRC-468a3d07,QR,25,130.099,true,200,VALID
TRC-b1b7c8b1,QR,25,122.860,true,200,VALID
TRC-c5be8000,QR,25,121.428,true,200,VALID
TRC-b0263fab,QR,25,86.720,true,200,VALID
TRC-7a6b6165,QR,25,86.476,true,200,VALID
TRC-706e34c3,QR,25,87.184,true,200,VALID
TRC-3ed95081,QR,25,86.921,true,200,VALID
TRC-807eb0cf,QR,25,86.855,true,200,VALID
TRC-7e017c51,QR,25,57.442,true,200,VALID
TRC-0b1d0d3c,QR,25,87.029,true,200,VALID
TRC-a947d0e9,QR,25,57.878,true,200,VALID
TRC-d2b94dd6,QR,25,37.535,true,200,VALID
TRC-c16bf703,QR,25,58.420,true,200,VALID
TRC-a75f5730,QR,25,10.573,true,200,VALID
TRC-e09bc7ca,QR,25,8.762,true,200,VALID
TRC-f31cefcc,QR,25,86.629,true,200,VALID
TRC-74b75eb9,QR,25,88.931,true,200,VALID
TRC-337f3854,QR,25,103.097,true,200,VALID
TRC-08d6008a,QR,25,102.954,true,200,VALID
TRC-e2c82511,QR,25,110.698,true,200,VALID
TRC-b6ebb3ba,QR,25,124.385,true,200,VALID
TRC-67a5999c,QR,25,131.198,true,200,VALID
TRC-dab59e6c,QR,25,131.102,true,200,VALID
TRC-e69818ff,QR,25,124.856,true,200,VALID
TRC-fca81b7e,QR,25,92.348,true,200,VALID
TRC-8a273816,QR,25,91.678,true,200,VALID
TRC-89649b09,QR,25,54.271,true,200,VALID
TRC-2d62b417,QR,25,54.514,true,200,VALID
TRC-0db82043,QR,25,53.392,true,200,VALID
TRC-ec1fad85,QR,25,91.721,true,200,VALID
TRC-7d670393,QR,25,100.237,true,200,VALID
TRC-937c8d2f,QR,25,100.636,true,200,VALID
TRC-a5346014,QR,25,95.133,true,200,VALID
TRC-790690ba,QR,25,100.471,true,200,VALID
TRC-41f2bb5c,QR,25,109.812,true,200,VALID
TRC-3c71ecb8,QR,25,109.957,true,200,VALID
TRC-fa24342f,QR,25,101.194,true,200,VALID
TRC-32703f16,QR,25,101.985,true,200,VALID
TRC-11958d1f,QR,25,70.432,true,200,VALID
TRC-d72eb791,QR,25,70.469,true,200,VALID
TRC-deb94056,QR,25,62.726,true,200,VALID
TRC-7b1dee07,QR,25,62.437,true,200,VALID
TRC-f53ca8fe,QR,25,48.638,true,200,VALID
TRC-2e6b4cd3,QR,25,134.954,true,200,VALID
TRC-abae85a0,QR,25,151.599,true,200,VALID
TRC-5d052f1d,QR,25,55.234,true,200,VALID
TRC-12aaeec0,QR,25,54.932,true,200,VALID
TRC-64aa15c0,QR,25,25.190,true,200,VALID
TRC-de8b71e8,QR_OTP,25,238.850,true,200,VALID
TRC-7b611034,QR_OTP,25,240.669,true,200,VALID
TRC-2aeb7c0a,QR_OTP,25,240.656,true,200,VALID
TRC-5a2767ab,QR_OTP,25,240.400,true,200,VALID
TRC-5950cf1d,QR_OTP,25,240.676,true,200,VALID
TRC-37dc1a25,QR_OTP,25,240.663,true,200,VALID
TRC-3029c678,QR_OTP,25,240.576,true,200,VALID
TRC-3e2ab262,QR_OTP,25,240.905,true,200,VALID
TRC-a9d36c0e,QR_OTP,25,241.077,true,200,VALID
TRC-ed8914bf,QR_OTP,25,240.923,true,200,VALID
TRC-ce77208e,QR_OTP,25,181.267,true,200,VALID
TRC-35b05916,QR_OTP,25,182.020,true,200,VALID
TRC-11db290d,QR,25,133.815,true,200,VALID
TRC-89c345c5,QR,25,137.095,true,200,VALID
TRC-b2031f82,QR,25,121.845,true,200,VALID
TRC-93c7d0ce,QR,25,79.939,true,200,VALID
TRC-cefbaa9b,QR,25,58.227,true,200,VALID
TRC-9758c912,QR,25,58.716,true,200,VALID
TRC-e985da1f,QR,25,58.298,true,200,VALID
TRC-cadd07dc,QR,25,23.390,true,200,VALID
TRC-20bbdf62,QR,25,11.081,true,200,VALID
TRC-eeb8d78d,QR,25,14.694,true,200,VALID
TRC-c22d4f64,QR,25,10.044,true,200,VALID
TRC-65004404,QR,25,81.362,true,200,VALID
TRC-880af0b1,QR,25,90.357,true,200,VALID
TRC-8c8592b0,QR,25,84.746,true,200,VALID
TRC-beb0a7ac,QR,25,107.228,true,200,VALID
TRC-489efd93,QR,25,111.684,true,200,VALID
TRC-c28cc4fb,QR,25,112.459,true,200,VALID
TRC-e2d22ca5,QR,25,121.106,true,200,VALID
TRC-128e567f,QR,25,121.274,true,200,VALID
TRC-0829f717,QR,25,122.205,true,200,VALID
TRC-e7bee352,QR,25,122.435,true,200,VALID
TRC-f21a0675,QR,25,120.874,true,200,VALID
TRC-9846ccce,QR,25,100.977,true,200,VALID
TRC-99c7dfaa,QR,25,67.681,true,200,VALID
TRC-6dbd20f6,QR,25,68.677,true,200,VALID
TRC-94c44e41,QR,25,60.544,true,200,VALID
TRC-efb725cf,QR,25,37.533,true,200,VALID
TRC-77523511,QR,25,27.930,true,200,VALID
TRC-0e534d29,QR,25,8.486,true,200,VALID
TRC-b52346a6,QR,25,49.910,true,200,VALID
TRC-341efc59,QR,25,58.290,true,200,VALID
TRC-d2851afb,QR,25,69.659,true,200,VALID
TRC-3650eb5c,QR,25,89.003,true,200,VALID
TRC-e60b09cd,QR,25,89.251,true,200,VALID
TRC-17a6671e,QR,25,95.605,true,200,VALID
TRC-ce708161,QR,25,89.762,true,200,VALID
TRC-d4a09cb6,QR,25,62.784,true,200,VALID
TRC-31f40688,QR,25,48.845,true,200,VALID
TRC-f5a87d55,QR,25,130.815,true,200,VALID
TRC-e853da9f,QR,25,130.756,true,200,VALID
TRC-b5780b9c,QR,25,157.416,true,200,VALID
TRC-94a49f45,QR,25,84.712,true,200,VALID
TRC-de219620,QR,25,135.494,true,200,VALID
TRC-78eb66db,QR,25,118.099,true,200,VALID
TRC-94bc5165,QR,25,101.196,true,200,VALID
TRC-93f80647,QR,25,101.180,true,200,VALID
TRC-9f024407,QR,25,132.509,true,200,VALID
TRC-1f9492a9,QR,25,118.093,true,200,VALID
TRC-33c0fef3,QR,25,103.207,true,200,VALID
TRC-14cf55b2,QR,25,118.767,true,200,VALID
TRC-469f699f,QR,25,44.217,true,200,VALID
TRC-7ed9f900,QR,25,42.341,true,200,VALID
TRC-0ea197fa,QR_OTP,25,240.685,true,200,VALID
TRC-1c4a1183,QR_OTP,25,241.623,true,200,VALID
TRC-27cbbc5a,QR_OTP,25,152.928,true,200,VALID
TRC-8d1666f4,QR_OTP,25,157.544,true,200,VALID
TRC-e06ad8ff,QR_OTP,25,151.601,true,200,VALID
TRC-9f2c9003,QR_OTP,25,126.851,true,200,VALID
TRC-b7f4b5f0,QR_OTP,25,92.157,true,200,VALID
TRC-a48390a2,QR_OTP,25,51.008,true,200,VALID
TRC-d490fd6a,QR_OTP,25,45.048,true,200,VALID
TRC-869f5ea7,QR_OTP,25,47.866,true,200,VALID
TRC-5b1938ea,QR_OTP,25,132.023,true,200,VALID
TRC-6614769b,QR_OTP,25,149.349,true,200,VALID
TRC-ac96fe00,QR_OTP,25,141.553,true,200,VALID
TRC-181a2e78,QR_OTP,25,140.738,true,200,VALID
TRC-fb1e06b1,QR_OTP,25,126.733,true,200,VALID
TRC-76e455bf,QR_OTP,25,89.692,true,200,VALID
TRC-92a2b891,QR_OTP,25,90.393,true,200,VALID
TRC-fb82b937,QR_OTP,25,89.552,true,200,VALID
TRC-8d3df657,QR_OTP,25,72.951,true,200,VALID
TRC-7e4de972,QR_OTP,25,91.895,true,200,VALID
TRC-8110ef3e,QR_OTP,25,77.440,true,200,VALID
TRC-395190c9,QR_OTP,25,107.158,true,200,VALID
TRC-8e557061,QR_OTP,25,98.695,true,200,VALID
TRC-364bdaf6,QR_OTP,25,95.189,true,200,VALID
TRC-50283919,QR_OTP,25,49.710,true,200,VALID
TRC-9b247806,QR_OTP,25,60.537,true,200,VALID
TRC-f441d369,QR_OTP,25,140.287,true,200,VALID
TRC-dcaa24b7,QR_OTP,25,140.418,true,200,VALID
TRC-a9c6e0b0,QR_OTP,25,88.419,true,200,VALID
TRC-51742230,QR_OTP,25,52.193,true,200,VALID
TRC-b1905cd6,QR_OTP,25,99.279,true,200,VALID
TRC-07fd9186,QR_OTP,25,104.175,true,200,VALID
TRC-f78bbae2,QR_OTP,25,107.464,true,200,VALID
TRC-f3b08167,QR,25,122.720,true,200,VALID
TRC-0beb0af8,QR,25,101.942,true,200,VALID
TRC-c305acd4,QR,25,48.495,true,200,VALID
TRC-a4a6e017,QR,25,15.995,true,200,VALID
TRC-6f149699,QR,25,10.338,true,200,VALID
TRC-5c564a7f,QR,25,117.932,true,200,VALID
TRC-b4f4496f,QR,25,66.292,true,200,VALID
TRC-03e92209,QR,25,66.801,true,200,VALID
TRC-ae4b7c61,QR,25,52.827,true,200,VALID
TRC-f74a466f,QR,25,53.834,true,200,VALID
TRC-a0836ce2,QR,25,19.635,true,200,VALID
TRC-a7689ea7,QR,25,122.755,true,200,VALID
TRC-9d1e119b,QR,25,146.582,true,200,VALID
TRC-500c6aa4,QR,25,146.865,true,200,VALID
TRC-a134e6bf,QR,25,113.403,true,200,VALID
TRC-b5ae729a,QR,25,55.084,true,200,VALID
TRC-ee3f4281,QR,25,25.368,true,200,VALID
TRC-96a57ef9,QR,25,9.507,true,200,VALID
TRC-e275b7e2,QR_OTP,25,240.564,true,200,VALID
TRC-3da4f187,QR_OTP,25,240.884,true,200,VALID
TRC-79e7d563,QR_OTP,25,50.615,true,200,VALID
TRC-8a0f71e7,QR_OTP,25,46.423,true,200,VALID
TRC-f1b6a043,QR_OTP,25,37.218,true,200,VALID
TRC-047e97bd,QR_OTP,25,46.416,true,200,VALID
TRC-f5e2f48b,QR_OTP,25,78.313,true,200,VALID
TRC-03202d0d,QR_OTP,25,104.690,true,200,VALID
TRC-929fff82,QR_OTP,25,110.244,true,200,VALID
TRC-10d228f8,QR_OTP,25,106.676,true,200,VALID
TRC-83459b5c,QR_OTP,25,105.829,true,200,VALID
TRC-dfdafbe3,QR_OTP,25,88.599,true,200,VALID
TRC-72758598,QR_OTP,25,95.739,true,200,VALID
TRC-47414266,QR_OTP,25,95.292,true,200,VALID
TRC-ac16f763,QR_OTP,25,81.477,true,200,VALID
TRC-777124da,QR_OTP,25,57.276,true,200,VALID
TRC-cb4e3901,QR_OTP,25,42.496,true,200,VALID
TRC-a7c1c3fa,QR_OTP,25,59.422,true,200,VALID
TRC-0d74f3d7,QR_OTP,25,63.599,true,200,VALID
TRC-08245827,QR_OTP,25,66.425,true,200,VALID
TRC-8f1e663d,QR_OTP,25,126.979,true,200,VALID
TRC-3c5cf36c,QR_OTP,25,133.601,true,200,VALID
TRC-8305d1d8,QR_OTP,25,138.955,true,200,VALID
TRC-10c7b8d0,QR,25,107.341,true,200,VALID
TRC-57ae9146,QR,25,106.786,true,200,VALID
TRC-7806f63b,QR,25,90.989,true,200,VALID
TRC-7ca6bbe2,QR,25,90.806,true,200,VALID
TRC-362b4c92,QR,25,92.375,true,200,VALID
TRC-05b60987,QR,25,90.952,true,200,VALID
TRC-dd9e83fa,QR,25,91.231,true,200,VALID
TRC-ab656c34,QR,25,80.563,true,200,VALID
TRC-a227cba5,QR,25,80.513,true,200,VALID
TRC-941c0ab5,QR,25,80.498,true,200,VALID
TRC-56830c49,QR,25,61.789,true,200,VALID
TRC-07aa54ae,QR,25,62.218,true,200,VALID
TRC-05715f79,QR,25,62.143,true,200,VALID
TRC-f6c1aeab,QR,25,47.645,true,200,VALID
TRC-e9bd3caa,QR,25,21.934,true,200,VALID
TRC-823404d4,QR,25,21.534,true,200,VALID
TRC-07d7d09f,QR,25,50.858,true,200,VALID
TRC-c4b4bb9a,QR,25,50.122,true,200,VALID
TRC-1f21ee0f,QR,25,54.571,true,200,VALID
TRC-37bc413d,QR,25,54.717,true,200,VALID
TRC-7e699be8,QR,25,79.087,true,200,VALID
TRC-78947a24,QR,25,79.912,true,200,VALID
TRC-e3ee120a,QR,25,78.507,true,200,VALID
TRC-5737874e,QR,25,83.236,true,200,VALID
TRC-7556caa7,QR,25,82.329,true,200,VALID
TRC-9327bbe6,QR,25,82.182,true,200,VALID
TRC-0fc26055,QR,25,92.440,true,200,VALID
TRC-f86c388a,QR,25,88.753,true,200,VALID
TRC-5e4740a1,QR,25,80.695,true,200,VALID
TRC-92ca3d46,QR,25,81.680,true,200,VALID
TRC-3c72d763,QR,25,81.817,true,200,VALID
TRC-949e50aa,QR,25,81.690,true,200,VALID
TRC-cc92b544,QR,25,81.303,true,200,VALID
TRC-fe6775cd,QR,25,81.609,true,200,VALID
TRC-2a4b72b8,QR_OTP,25,240.685,true,200,VALID
TRC-843699a3,QR_OTP,25,150.671,true,200,VALID
TRC-5812b134,QR_OTP,25,108.559,true,200,VALID
TRC-6d241996,QR_OTP,25,109.083,true,200,VALID
TRC-7eeb6f18,QR_OTP,25,93.039,true,200,VALID
TRC-c8da3be4,QR_OTP,25,88.293,true,200,VALID
TRC-2b9c63f3,QR_OTP,25,46.467,true,200,VALID
TRC-b1915afd,QR,25,149.595,true,200,VALID
TRC-8ba29de7,QR,25,142.884,true,200,VALID
TRC-c389a12e,QR,25,100.001,true,200,VALID
TRC-f6056308,QR,25,86.849,true,200,VALID
TRC-a7e77c2f,QR,25,87.174,true,200,VALID
TRC-27d4f3e2,QR,25,29.968,true,200,VALID
TRC-d79d5e42,QR,25,25.085,true,200,VALID
TRC-02d0f3a6,QR,25,10.667,true,200,VALID
TRC-07a47018,QR,25,131.095,true,200,VALID
TRC-f548365f,QR,25,155.249,true,200,VALID
TRC-74d418ec,QR,25,155.193,true,200,VALID
TRC-6a2c247b,QR,25,154.746,true,200,VALID
TRC-0512f599,QR,25,154.545,true,200,VALID
TRC-0ed77098,QR,25,164.654,true,200,VALID
TRC-376276bd,QR,25,85.714,true,200,VALID
TRC-df35126c,QR,25,85.471,true,200,VALID
TRC-2f8fc4ea,QR,25,85.663,true,200,VALID
TRC-c12a0b43,QR,25,45.416,true,200,VALID
TRC-4d51855a,QR,25,10.002,true,200,VALID
TRC-970a730d,QR,25,14.462,true,200,VALID
TRC-e7abd2bc,QR,25,9.927,true,200,VALID
TRC-c97c4d59,QR,25,15.476,true,200,VALID
TRC-2292e2d1,QR_OTP,25,99.248,true,200,VALID
TRC-52d87d61,QR_OTP,25,99.994,true,200,VALID
TRC-ae5714df,QR_OTP,25,99.352,true,200,VALID
TRC-7a47e96e,QR_OTP,25,112.021,true,200,VALID
TRC-38c7ddd2,QR_OTP,25,85.385,true,200,VALID
TRC-33ef99e6,QR_OTP,25,202.029,true,200,VALID
TRC-ff2404cf,QR_OTP,25,124.792,true,200,VALID
TRC-6220832d,QR_OTP,25,111.274,true,200,VALID
TRC-aa1df200,QR_OTP,25,112.909,true,200,VALID
TRC-04726806,QR_OTP,25,121.827,true,200,VALID
TRC-79429336,QR_OTP,25,135.079,true,200,VALID
TRC-5045227b,QR_OTP,25,111.624,true,200,VALID
TRC-96f32232,QR_OTP,25,95.646,true,200,VALID
TRC-214affb8,QR_OTP,25,132.548,true,200,VALID
TRC-5ae10ec7,QR_OTP,25,137.388,true,200,VALID
TRC-f7bba4f3,QR_OTP,25,132.380,true,200,VALID
TRC-d91e5d71,QR_OTP,25,137.304,true,200,VALID
TRC-921dccfe,QR_OTP,25,121.360,true,200,VALID
TRC-809b07f6,QR_OTP,25,121.088,true,200,VALID
TRC-e15d8cf4,QR,25,114.176,true,200,VALID
TRC-b123ba6f,QR,25,114.011,true,200,VALID
TRC-de2f9451,QR,25,113.367,true,200,VALID
TRC-100abee4,QR,25,113.798,true,200,VALID
TRC-0fd3f1ea,QR,25,114.576,true,200,VALID
TRC-601ffe2a,QR,25,87.204,true,200,VALID
TRC-726fd594,QR,25,86.988,true,200,VALID
TRC-86c64c4b,QR,25,86.924,true,200,VALID
TRC-4af9ef70,QR,25,86.829,true,200,VALID
TRC-e175fbdc,QR,25,86.419,true,200,VALID
TRC-0f31c6cd,QR_OTP,25,109.782,true,200,VALID
TRC-a103ff04,QR_OTP,25,104.830,true,200,VALID
TRC-14049967,QR_OTP,25,83.105,true,200,VALID
TRC-78551e12,QR_OTP,25,211.634,true,200,VALID
TRC-79af27e7,QR_OTP,25,211.126,true,200,VALID
TRC-f1dfc8cc,QR_OTP,25,200.929,true,200,VALID
TRC-b6ed7c23,QR_OTP,25,214.784,true,200,VALID
TRC-f7a22dca,QR_OTP,25,203.917,true,200,VALID
TRC-8985e3d5,QR_OTP,25,204.266,true,200,VALID
TRC-4a27f1a5,QR_OTP,25,180.755,true,200,VALID
TRC-de4a1dcf,QR_OTP,25,181.579,true,200,VALID
TRC-b1d7fea2,QR_OTP,25,157.771,true,200,VALID
TRC-f409649c,QR_OTP,25,89.515,true,200,VALID
TRC-e7393584,QR_OTP,25,89.467,true,200,VALID
TRC-2a95a755,QR_OTP,25,87.687,true,200,VALID
TRC-58bf0370,QR_OTP,25,63.711,true,200,VALID
TRC-813ebe33,QR_OTP,25,101.148,true,200,VALID
TRC-63db9441,QR_OTP,25,116.437,true,200,VALID
TRC-5aceafa8,QR_OTP,25,120.627,true,200,VALID
TRC-2d445ffe,QR_OTP,25,107.761,true,200,VALID
TRC-9cb697fa,QR_OTP,25,108.221,true,200,VALID
TRC-6200c201,QR_OTP,25,68.699,true,200,VALID
TRC-31607356,QR_OTP,25,40.826,true,200,VALID
TRC-0c8a12a2,QR_OTP,25,66.341,true,200,VALID
TRC-4b90b6b6,QR_OTP,25,104.924,true,200,VALID
TRC-4e4c6944,QR_OTP,25,98.045,true,200,VALID
TRC-fa1b33f4,QR_OTP,25,133.260,true,200,VALID
TRC-b1e26e1a,QR_OTP,25,138.278,true,200,VALID
TRC-6635c93a,QR_OTP,25,100.672,true,200,VALID
TRC-5c23408b,QR_OTP,25,102.243,true,200,VALID
TRC-3a772803,QR_OTP,25,71.383,true,200,VALID
TRC-633c5109,QR,25,104.019,true,200,VALID
TRC-15e1bffa,QR,25,103.931,true,200,VALID
TRC-5ca24163,QR,25,105.683,true,200,VALID
TRC-46e4003e,QR,25,105.532,true,200,VALID
TRC-0674a37d,QR,25,85.901,true,200,VALID
TRC-d1a8b2f9,QR,25,153.385,true,200,VALID
TRC-c7ef8a9a,QR,25,153.275,true,200,VALID
TRC-2f011618,QR,25,154.153,true,200,VALID
TRC-72c81977,QR,25,150.952,true,200,VALID
TRC-3c1439cd,QR,25,150.921,true,200,VALID
TRC-ea794953,QR,25,154.359,true,200,VALID
TRC-adb6dd2a,QR,25,138.674,true,200,VALID
TRC-38296d0a,QR,25,139.349,true,200,VALID
TRC-09ce4ff0,QR,25,139.113,true,200,VALID
TRC-5f1b666d,QR,25,139.410,true,200,VALID
TRC-e5477e33,QR,25,113.691,true,200,VALID
TRC-7dadb1d8,QR,25,113.577,true,200,VALID
TRC-7603eeaa,QR,25,114.184,true,200,VALID
TRC-ed3d8e20,QR,25,113.866,true,200,VALID
TRC-1326d86c,QR,25,113.399,true,200,VALID
TRC-7f05d918,QR,25,113.439,true,200,VALID
TRC-14ebf5d6,QR,25,113.135,true,200,VALID
TRC-f3974b4e,QR,25,18.768,true,200,VALID
TRC-d530ea5c,QR,25,17.760,true,200,VALID
TRC-4b383613,QR,25,28.346,true,200,VALID
TRC-c704e97a,QR,25,40.330,true,200,VALID
TRC-48fc5626,QR,25,81.843,true,200,VALID
TRC-ed26e593,QR,25,42.926,true,200,VALID
TRC-5ec72c56,QR,25,14.803,true,200,VALID
TRC-a478888d,QR_OTP,25,240.624,true,200,VALID
TRC-218b6eec,QR_OTP,25,127.025,true,200,VALID
TRC-0248102a,QR_OTP,25,108.858,true,200,VALID
TRC-c7eceacb,QR_OTP,25,191.385,true,200,VALID
TRC-3ad106d9,QR_OTP,25,162.903,true,200,VALID
TRC-53da6f9b,QR_OTP,25,104.833,true,200,VALID
TRC-33853577,QR_OTP,25,104.372,true,200,VALID
TRC-57fe060b,QR_OTP,25,120.236,true,200,VALID
TRC-3b81051d,QR_OTP,25,74.086,true,200,VALID
TRC-487003cc,QR_OTP,25,112.168,true,200,VALID
TRC-c21c96e2,QR_OTP,25,240.948,true,200,VALID
TRC-94c68c6f,QR_OTP,25,241.080,true,200,VALID
TRC-a9187356,QR_OTP,25,241.090,true,200,VALID
TRC-97f11e8e,QR_OTP,25,127.533,true,200,VALID
TRC-ff30cd55,QR_OTP,25,103.038,true,200,VALID
TRC-60eb60f4,QR_OTP,25,104.256,true,200,VALID
TRC-0ac5a0ad,QR_OTP,25,104.933,true,200,VALID
TRC-b91063ac,QR_OTP,25,104.935,true,200,VALID
TRC-e92255e8,QR_OTP,25,82.198,true,200,VALID
TRC-23a8aafe,QR_OTP,25,105.082,true,200,VALID
TRC-a099b634,QR_OTP,25,126.753,true,200,VALID
TRC-45e63a1e,QR_OTP,25,139.621,true,200,VALID
TRC-06fccf5e,QR_OTP,25,61.257,true,200,VALID
TRC-db8309e6,QR_OTP,25,56.805,true,200,VALID
TRC-1a7b2445,QR_OTP,25,57.510,true,200,VALID
TRC-e91a4a45,QR_OTP,25,104.062,true,200,VALID
TRC-64003ec7,QR_OTP,25,103.428,true,200,VALID
TRC-e8b7d25f,QR_OTP,25,114.945,true,200,VALID
TRC-59d9cc14,QR_OTP,25,109.462,true,200,VALID
TRC-b709ba1f,QR_OTP,25,110.666,true,200,VALID
TRC-4205b50b,QR_OTP,25,96.502,true,200,VALID
TRC-078b49a4,QR_OTP,25,88.531,true,200,VALID
TRC-18c0746e,QR_OTP,25,118.987,true,200,VALID
TRC-42ebd745,QR_OTP,25,122.998,true,200,VALID
TRC-b692240b,QR_OTP,25,112.204,true,200,VALID
TRC-27e69a26,QR_OTP,25,85.397,true,200,VALID
TRC-3fdeab73,QR_OTP,25,79.699,true,200,VALID
TRC-af31430b,QR_OTP,25,98.182,true,200,VALID
TRC-d0d019ca,QR_OTP,25,79.965,true,200,VALID
TRC-bd08b812,QR_OTP,25,81.143,true,200,VALID
TRC-6e7c62d4,QR_OTP,25,60.740,true,200,VALID
TRC-0ddaea9e,QR_OTP,25,46.700,true,200,VALID
TRC-d4c80654,QR_OTP,25,44.539,true,200,VALID
TRC-c9e2ddc8,QR_OTP,25,150.184,true,200,VALID
TRC-cb0ce8bf,QR_OTP,25,150.326,true,200,VALID
TRC-b8b83a8a,QR_OTP,25,166.369,true,200,VALID
TRC-a7afa40c,QR_OTP,25,166.472,true,200,VALID
TRC-70bf8567,QR_OTP,25,157.793,true,200,VALID
TRC-1e29993f,QR_OTP,25,204.480,true,200,VALID
TRC-9409154c,QR_OTP,25,181.970,true,200,VALID
TRC-a897155b,QR_OTP,25,160.231,true,200,VALID
TRC-5035c366,QR_OTP,25,161.453,true,200,VALID
TRC-e51b0c54,QR_OTP,25,123.343,true,200,VALID
TRC-516cdd7d,QR_OTP,25,120.742,true,200,VALID
TRC-85aef639,QR_OTP,25,87.282,true,200,VALID
TRC-b2cf94a8,QR_OTP,25,88.934,true,200,VALID
TRC-87990879,QR_OTP,25,63.831,true,200,VALID
TRC-717ad612,QR_OTP,25,74.363,true,200,VALID
TRC-8819e139,QR_OTP,25,120.504,true,200,VALID
TRC-a8845b48,QR_OTP,25,91.476,true,200,VALID
TRC-5f14c131,QR_OTP,25,102.062,true,200,VALID
TRC-bdd6b290,QR_OTP,25,92.992,true,200,VALID
TRC-2f4e2157,QR_OTP,25,131.606,true,200,VALID
TRC-0a72b89c,QR_OTP,25,132.049,true,200,VALID
TRC-64124df7,QR_OTP,25,131.767,true,200,VALID
TRC-f98fd168,QR_OTP,25,131.860,true,200,VALID
TRC-2b7dc54b,QR_OTP,25,111.255,true,200,VALID
TRC-ef31164b,QR_OTP,25,112.176,true,200,VALID
TRC-8df0e976,QR_OTP,25,112.806,true,200,VALID
TRC-f28e9bca,QR_OTP,25,121.829,true,200,VALID
TRC-ed234452,QR_OTP,25,98.340,true,200,VALID
TRC-168305d5,QR_OTP,25,122.925,true,200,VALID
TRC-a211d16b,QR_OTP,25,157.645,true,200,VALID
TRC-0912f6d9,QR_OTP,25,138.398,true,200,VALID
TRC-0f0cfdd3,QR_OTP,25,151.351,true,200,VALID
TRC-780a5bb5,QR_OTP,25,122.617,true,200,VALID
TRC-b312d657,QR_OTP,25,125.412,true,200,VALID
TRC-27153cb9,QR_OTP,25,131.171,true,200,VALID
TRC-c53deca9,QR_OTP,25,145.024,true,200,VALID
TRC-a51dce62,QR_OTP,25,133.186,true,200,VALID
TRC-f377ce61,QR_OTP,25,130.440,true,200,VALID
TRC-0dbc95f7,QR_OTP,25,207.418,true,200,VALID
TRC-103d666b,QR_OTP,25,199.094,true,200,VALID
TRC-aa5ea684,QR_OTP,25,161.240,true,200,VALID
TRC-34f1c7b2,QR_OTP,25,92.471,true,200,VALID
TRC-fd512f33,QR_OTP,25,117.092,true,200,VALID
TRC-062f51eb,QR_OTP,25,95.075,true,200,VALID
TRC-fabac58a,QR_OTP,25,80.609,true,200,VALID
TRC-e49758ee,QR_OTP,25,80.462,true,200,VALID
TRC-d6e93a4f,QR_OTP,25,159.687,true,200,VALID
TRC-a96eed98,QR_OTP,25,125.116,true,200,VALID
TRC-26ef02ea,QR_OTP,25,140.716,true,200,VALID
TRC-59fdd096,QR_OTP,25,148.721,true,200,VALID
TRC-c84803fc,QR_OTP,25,138.830,true,200,VALID
TRC-a7973de6,QR_OTP,25,138.657,true,200,VALID
TRC-4e1b16ae,QR_OTP,25,123.485,true,200,VALID
TRC-2d194771,QR_OTP,25,128.951,true,200,VALID
TRC-e780c525,QR_OTP,25,129.175,true,200,VALID
TRC-b26e1702,QR_OTP,25,120.860,true,200,VALID
TRC-fded7254,QR_OTP,25,120.951,true,200,VALID
TRC-c1927d60,QR_OTP,25,121.491,true,200,VALID
TRC-b2fe3985,QR_OTP,25,119.513,true,200,VALID
TRC-b3a13fdc,QR_OTP,25,108.452,true,200,VALID
TRC-99913ca2,QR_OTP,25,92.090,true,200,VALID
TRC-9c29cf27,QR_OTP,25,58.803,true,200,VALID
TRC-b2f01154,QR_OTP,25,114.734,true,200,VALID
TRC-860c3cae,QR_OTP,25,122.313,true,200,VALID
TRC-fd78757e,QR_OTP,25,122.138,true,200,VALID
TRC-8d390706,QR_OTP,25,88.772,true,200,VALID
TRC-2de9691d,QR_OTP,25,74.504,true,200,VALID
TRC-3a8ec75f,QR_OTP,25,111.952,true,200,VALID
TRC-35daff70,QR_OTP,25,88.678,true,200,VALID
TRC-8d57d089,QR_OTP,25,92.674,true,200,VALID
TRC-de4641d0,QR_OTP,25,83.241,true,200,VALID
TRC-9c006376,QR_OTP,25,72.779,true,200,VALID
TRC-a9d9a16e,QR_OTP,25,71.606,true,200,VALID
TRC-7d6718ba,QR_OTP,25,131.352,true,200,VALID
TRC-bb8d95ff,QR_OTP,25,99.144,true,200,VALID
TRC-0462c886,QR_OTP,25,99.137,true,200,VALID
TRC-6de5f3d8,QR_OTP,25,73.040,true,200,VALID
TRC-3cf1ceef,QR_OTP,25,105.457,true,200,VALID
TRC-c347713b,QR_OTP,25,68.820,true,200,VALID
TRC-d644e385,QR_OTP,25,69.234,true,200,VALID
TRC-9ac72cb3,QR_OTP,25,82.216,true,200,VALID
TRC-41bf57d9,QR_OTP,25,53.119,true,200,VALID
TRC-3da24686,QR_OTP,25,54.737,true,200,VALID
TRC-5e2cebbf,QR_OTP,25,135.528,true,200,VALID
TRC-83c2607f,QR_OTP,25,125.786,true,200,VALID
TRC-9cba03e5,QR_OTP,25,125.207,true,200,VALID
TRC-4213ad00,QR_OTP,25,114.512,true,200,VALID
TRC-3b289ada,QR_OTP,25,121.706,true,200,VALID
TRC-b8ca3931,QR_OTP,25,121.222,true,200,VALID
TRC-7631d9ea,QR_OTP,25,122.886,true,200,VALID
TRC-f34f797d,QR_OTP,25,111.313,true,200,VALID
TRC-65fcc488,QR_OTP,25,166.618,true,200,VALID
TRC-b65e4c94,QR_OTP,25,227.929,true,200,VALID
TRC-69503600,QR_OTP,25,185.993,true,200,VALID
TRC-4c6c5f4b,QR_OTP,25,135.731,true,200,VALID
TRC-afd2d159,QR_OTP,25,116.642,true,200,VALID
TRC-95eb5557,QR_OTP,25,100.943,true,200,VALID
TRC-7f05c741,QR_OTP,25,81.304,true,200,VALID
TRC-2e07f63c,QR_OTP,25,82.220,true,200,VALID
TRC-40d2a129,QR_OTP,25,84.454,true,200,VALID
TRC-4555c043,QR_OTP,25,153.527,true,200,VALID
TRC-666a3655,QR_OTP,25,164.935,true,200,VALID
TRC-9f3300df,QR_OTP,25,142.992,true,200,VALID
TRC-fe547d89,QR_OTP,25,143.632,true,200,VALID
TRC-04f45bfa,QR_OTP,25,144.700,true,200,VALID
TRC-8f011199,QR_OTP,25,129.569,true,200,VALID
TRC-ef6fe930,QR_OTP,25,129.993,true,200,VALID
TRC-c495f3c1,QR_OTP,25,140.574,true,200,VALID
TRC-dfb6056d,QR_OTP,25,130.395,true,200,VALID
TRC-46b474ea,QR_OTP,25,129.891,true,200,VALID
TRC-1c2a1241,QR_OTP,25,116.762,true,200,VALID
TRC-bca408d2,QR_OTP,25,58.008,true,200,VALID
TRC-3eb66e6f,QR_OTP,25,121.495,true,200,VALID
TRC-4625d229,QR_OTP,25,157.354,true,200,VALID
TRC-61a68b21,QR_OTP,25,184.048,true,200,VALID
TRC-aa978aa9,QR_OTP,25,160.195,true,200,VALID
TRC-84a695bc,QR_OTP,25,162.234,true,200,VALID
TRC-ab2d9e91,QR_OTP,25,161.956,true,200,VALID
TRC-d5770de1,QR_OTP,25,89.138,true,200,VALID
TRC-be8b6715,QR_OTP,25,85.687,true,200,VALID
TRC-2879a487,QR_OTP,25,73.145,true,200,VALID
TRC-5b80ffcf,QR_OTP,25,43.098,true,200,VALID
TRC-2b845c1f,QR_OTP,25,39.906,true,200,VALID
TRC-86265921,QR_OTP,25,36.333,true,200,VALID
TRC-a7501a27,QR_OTP,25,45.859,true,200,VALID
TRC-951b52a3,QR_OTP,25,74.582,true,200,VALID
TRC-2d52295c,QR_OTP,25,133.354,true,200,VALID
TRC-4291bc84,QR_OTP,25,122.974,true,200,VALID
TRC-fdadb23e,QR_OTP,25,99.169,true,200,VALID
TRC-fa55c5f7,QR_OTP,25,135.900,true,200,VALID
TRC-562ee093,QR_OTP,25,112.009,true,200,VALID
TRC-dfc2f5e5,QR_OTP,25,139.204,true,200,VALID
TRC-ff1b1c04,QR_OTP,25,123.506,true,200,VALID
TRC-af11ff03,QR_OTP,25,122.764,true,200,VALID
TRC-41142fec,QR_OTP,25,111.548,true,200,VALID
TRC-e5581b15,QR_OTP,25,112.919,true,200,VALID
TRC-66c5ebae,QR_OTP,25,112.611,true,200,VALID
TRC-b722a80a,QR_OTP,25,131.278,true,200,VALID
TRC-542dbc6e,QR_OTP,25,116.041,true,200,VALID
TRC-65824e3d,QR_OTP,25,83.439,true,200,VALID
TRC-0a276ed3,QR_OTP,25,81.287,true,200,VALID
TRC-15d0ac70,QR_OTP,25,82.964,true,200,VALID
TRC-9e7caa85,QR_OTP,25,84.648,true,200,VALID
TRC-b3a5df5d,QR_OTP,25,70.171,true,200,VALID
TRC-684cceef,QR_OTP,25,62.715,true,200,VALID
TRC-6c0c6b2a,QR_OTP,25,84.842,true,200,VALID
TRC-fc8d1a48,QR_OTP,25,257.579,true,200,VALID
TRC-fe645bfb,QR_OTP,25,257.445,true,200,VALID
TRC-a227e9b1,QR_OTP,25,233.921,true,200,VALID
TRC-243c8443,QR_OTP,25,151.735,true,200,VALID
TRC-b5ae13cf,QR_OTP,25,125.288,true,200,VALID
TRC-f06afeda,QR_OTP,25,112.522,true,200,VALID
TRC-06287ceb,QR_OTP,25,82.088,true,200,VALID
TRC-1cdf3996,QR_OTP,25,92.183,true,200,VALID
TRC-09245422,QR_OTP,25,88.356,true,200,VALID
TRC-d9a30a73,QR_OTP,25,112.014,true,200,VALID
TRC-42bcbda2,QR_OTP,25,58.447,true,200,VALID
TRC-2e002b42,QR_OTP,25,125.201,true,200,VALID
TRC-b4947cf6,QR_OTP,25,136.806,true,200,VALID
TRC-f0264914,QR_OTP,25,137.082,true,200,VALID
TRC-9e3c0b35,QR_OTP,25,129.873,true,200,VALID
TRC-bd17bca2,QR_OTP,25,107.671,true,200,VALID
TRC-a6da5992,QR_OTP,25,96.725,true,200,VALID
TRC-be725941,QR_OTP,25,97.326,true,200,VALID
TRC-f7f60ecf,QR_OTP,25,84.034,true,200,VALID
TRC-1f1dd5a4,QR_OTP,25,84.456,true,200,VALID
TRC-3e871002,QR_OTP,25,84.896,true,200,VALID
TRC-b090d015,QR_OTP,25,104.024,true,200,VALID
TRC-3c5da2b1,QR_OTP,25,103.639,true,200,VALID
TRC-3099e4f4,QR_OTP,25,104.934,true,200,VALID
TRC-cecd770e,QR_OTP,25,104.229,true,200,VALID
TRC-715ec5fb,QR_OTP,25,105.139,true,200,VALID
TRC-9787a459,QR_OTP,25,127.139,true,200,VALID
TRC-a968b295,QR_OTP,25,139.417,true,200,VALID
TRC-41b3e794,QR_OTP,25,134.141,true,200,VALID
TRC-d578c354,QR_OTP,25,185.511,true,200,VALID
TRC-338fa04a,QR_OTP,25,100.089,true,200,VALID
TRC-6f6f0882,QR_OTP,25,101.200,true,200,VALID
TRC-85ecf2ab,QR_OTP,25,150.104,true,200,VALID
TRC-7e67dbd4,QR_OTP,25,144.720,true,200,VALID
TRC-3b5e43af,QR_OTP,25,134.473,true,200,VALID
TRC-62f1ded0,QR_OTP,25,134.472,true,200,VALID
TRC-a6d9bb81,QR_OTP,25,128.215,true,200,VALID
TRC-0c3007da,QR_OTP,25,134.793,true,200,VALID
TRC-37626715,QR_OTP,25,110.678,true,200,VALID
TRC-a61db10a,QR_OTP,25,145.633,true,200,VALID
TRC-4dd73b5c,QR_OTP,25,113.062,true,200,VALID
TRC-5f4fab5a,QR_OTP,25,112.219,true,200,VALID
TRC-314e64b9,QR_OTP,25,70.520,true,200,VALID
TRC-dddda1dc,QR_OTP,25,70.924,true,200,VALID
TRC-77f46fbf,QR_OTP,25,112.837,true,200,VALID
TRC-9e89840b,QR_OTP,25,204.861,true,200,VALID
TRC-a5542844,QR_OTP,25,185.006,true,200,VALID
TRC-c1c6a739,QR_OTP,25,109.863,true,200,VALID
TRC-0a159304,QR_OTP,25,112.319,true,200,VALID
TRC-e98a95fc,QR_OTP,25,39.784,true,200,VALID
TRC-32d34103,QR_OTP,25,130.326,true,200,VALID
TRC-21dbac38,QR_OTP,25,107.553,true,200,VALID
TRC-99a6ac08,QR_OTP,25,107.727,true,200,VALID
TRC-7e2bcea1,QR_OTP,25,107.668,true,200,VALID
TRC-ad7175e6,QR_OTP,25,91.895,true,200,VALID
TRC-e8c44cce,QR_OTP,25,92.393,true,200,VALID
TRC-fbce6c22,QR_OTP,25,114.935,true,200,VALID
TRC-ed3c6b7b,QR_OTP,25,112.681,true,200,VALID
TRC-b681e033,QR_OTP,25,233.241,true,200,VALID
TRC-24e5cd89,QR_OTP,25,189.702,true,200,VALID
TRC-3d281071,QR_OTP,25,100.873,true,200,VALID
TRC-d91d974e,QR_OTP,25,130.730,true,200,VALID
TRC-98ec9e16,QR_OTP,25,130.823,true,200,VALID
TRC-22f26a8a,QR_OTP,25,130.961,true,200,VALID
TRC-60dd869b,QR_OTP,25,144.921,true,200,VALID
TRC-fc7b9e2a,QR_OTP,25,132.255,true,200,VALID
TRC-e8c16d0d,QR_OTP,25,146.013,true,200,VALID
TRC-6300cd4a,QR_OTP,25,128.286,true,200,VALID
TRC-498c164a,QR_OTP,25,128.579,true,200,VALID
TRC-4194f9e0,QR_OTP,25,145.044,true,200,VALID
TRC-eec00217,QR_OTP,25,110.843,true,200,VALID
TRC-36b1ea94,QR_OTP,25,72.149,true,200,VALID
TRC-5f7965e6,QR_OTP,25,71.874,true,200,VALID
TRC-09244fe9,QR_OTP,25,44.533,true,200,VALID
TRC-c40be49b,QR_OTP,25,209.723,true,200,VALID
TRC-ed83d7df,QR_OTP,25,200.192,true,200,VALID
TRC-c53a44ef,QR_OTP,25,184.104,true,200,VALID
TRC-4ec7f9ec,QR_OTP,25,192.964,true,200,VALID
TRC-07b853c7,QR_OTP,25,184.953,true,200,VALID
TRC-45fd21b5,QR_OTP,25,157.641,true,200,VALID
TRC-e3f2bf9d,QR_OTP,25,139.584,true,200,VALID
TRC-0e1a5fb7,QR_OTP,25,140.771,true,200,VALID
TRC-d1f1df6e,QR_OTP,25,123.376,true,200,VALID
TRC-801c2651,QR_OTP,25,98.476,true,200,VALID
TRC-2e1d7bbe,QR_OTP,25,131.646,true,200,VALID
TRC-f4b9cd53,QR_OTP,25,98.965,true,200,VALID
TRC-a042e8dd,QR_OTP,25,132.832,true,200,VALID
TRC-742a642c,QR_OTP,25,132.547,true,200,VALID
TRC-486d87c3,QR_OTP,25,133.487,true,200,VALID
TRC-7894bad3,QR_OTP,25,132.159,true,200,VALID
TRC-bb3ff17a,QR_OTP,25,98.781,true,200,VALID
TRC-28059f6a,QR_OTP,25,94.292,true,200,VALID
TRC-bef607c9,QR_OTP,25,85.324,true,200,VALID
TRC-40ca96e0,QR_OTP,25,100.259,true,200,VALID
TRC-c319c7f5,QR_OTP,25,100.057,true,200,VALID
TRC-c001593d,QR_OTP,25,115.235,true,200,VALID
TRC-89f06d38,QR_OTP,25,119.567,true,200,VALID
TRC-e53e0da8,QR_OTP,25,228.573,true,200,VALID
TRC-ad02e0cb,QR_OTP,25,185.753,true,200,VALID
TRC-2c4755cc,QR_OTP,25,230.293,true,200,VALID
TRC-92fa2af4,QR_OTP,25,134.866,true,200,VALID
TRC-fe11b1d2,QR_OTP,25,137.309,true,200,VALID
TRC-2c34880e,QR_OTP,25,137.619,true,200,VALID
TRC-71d99167,QR_OTP,25,137.415,true,200,VALID
TRC-ac556183,QR_OTP,25,190.083,true,200,VALID
TRC-77e0ec1e,QR_OTP,25,138.272,true,200,VALID
TRC-06d474e3,QR_OTP,25,139.422,true,200,VALID
TRC-efc53b48,QR_OTP,25,137.150,true,200,VALID
TRC-a2209bdd,QR_OTP,25,137.912,true,200,VALID
TRC-7f9e99c7,QR_OTP,25,74.137,true,200,VALID
TRC-b708dc8d,QR_OTP,25,97.239,true,200,VALID
TRC-3030298f,QR_OTP,25,134.525,true,200,VALID
TRC-a5bd3401,QR_OTP,25,135.321,true,200,VALID
TRC-61829d8d,QR_OTP,25,132.135,true,200,VALID
TRC-359c1385,QR_OTP,25,125.763,true,200,VALID
TRC-5f0f7cd7,QR_OTP,25,132.553,true,200,VALID
TRC-556c5f35,QR_OTP,25,133.506,true,200,VALID
TRC-f191d778,QR_OTP,25,126.799,true,200,VALID
TRC-7aef5698,QR_OTP,25,127.190,true,200,VALID
TRC-14179916,QR_OTP,25,116.631,true,200,VALID
TRC-30ac0ea5,QR_OTP,25,149.309,true,200,VALID
TRC-dec483ed,QR_OTP,25,148.899,true,200,VALID
TRC-5f849dca,QR_OTP,25,119.172,true,200,VALID
TRC-14b9277b,QR_OTP,25,140.516,true,200,VALID
TRC-26fd18f8,QR_OTP,25,183.722,true,200,VALID
TRC-8d6183a7,QR_OTP,25,137.548,true,200,VALID
TRC-fe57f3a3,QR_OTP,25,139.546,true,200,VALID
TRC-763f1594,QR_OTP,25,139.359,true,200,VALID
TRC-1eb5ab9e,QR_OTP,25,138.476,true,200,VALID
TRC-b48c3570,QR_OTP,25,142.893,true,200,VALID
TRC-aab0ff12,QR_OTP,25,140.735,true,200,VALID
TRC-b314407a,QR_OTP,25,70.956,true,200,VALID
TRC-fc06ef08,QR_OTP,25,159.119,true,200,VALID
TRC-1d623b43,QR_OTP,25,151.776,true,200,VALID
TRC-2e377803,QR_OTP,25,140.736,true,200,VALID
TRC-89350358,QR_OTP,25,134.528,true,200,VALID
TRC-c866045e,QR_OTP,25,122.471,true,200,VALID
TRC-832497ca,QR_OTP,25,110.637,true,200,VALID
TRC-eaa305e8,QR_OTP,25,65.605,true,200,VALID
TRC-34aed85b,QR_OTP,25,116.374,true,200,VALID
TRC-dcc41886,QR_OTP,25,116.175,true,200,VALID
TRC-73d8159f,QR_OTP,25,116.882,true,200,VALID
TRC-0a572cb5,QR_OTP,25,99.578,true,200,VALID
TRC-50a8e982,QR_OTP,25,84.559,true,200,VALID
TRC-4813d86e,QR_OTP,25,69.333,true,200,VALID
TRC-d233defa,QR_OTP,25,46.905,true,200,VALID
TRC-1a5af493,QR_OTP,25,49.846,true,200,VALID
TRC-cf880143,QR_OTP,25,41.660,true,200,VALID
TRC-c00970a1,QR_OTP,25,108.410,true,200,VALID
TRC-2bb22cb2,QR_OTP,25,135.139,true,200,VALID
TRC-c996f498,QR_OTP,25,37.493,true,200,VALID
TRC-9d9a87c2,QR_OTP,25,150.296,true,200,VALID
TRC-cf6165aa,QR_OTP,25,162.365,true,200,VALID
TRC-5ded9019,QR_OTP,25,162.927,true,200,VALID
TRC-4722eeca,QR_OTP,25,139.787,true,200,VALID
TRC-0c6aef0d,QR_OTP,25,140.541,true,200,VALID
TRC-8f0b9213,QR_OTP,25,134.027,true,200,VALID
TRC-2b28b87a,QR_OTP,25,134.395,true,200,VALID
TRC-632f620e,QR_OTP,25,108.741,true,200,VALID
TRC-768c6c0c,QR_OTP,25,112.129,true,200,VALID
TRC-666d079b,QR_OTP,25,66.229,true,200,VALID
TRC-abac6ffd,QR_OTP,25,44.429,true,200,VALID
TRC-2451d3b2,QR_OTP,25,130.626,true,200,VALID
TRC-c06b1523,QR_OTP,25,93.097,true,200,VALID
TRC-ef99b205,QR_OTP,25,57.736,true,200,VALID
TRC-1ff5d956,QR_OTP,25,80.870,true,200,VALID
TRC-3637a95c,QR_OTP,25,81.094,true,200,VALID
TRC-9c100acb,QR_OTP,25,56.821,true,200,VALID
TRC-d43c1fc4,QR_OTP,25,111.773,true,200,VALID
TRC-1151978f,QR_OTP,25,117.332,true,200,VALID
TRC-cc92d3af,QR_OTP,25,106.845,true,200,VALID
TRC-ae4ea2de,QR_OTP,25,111.900,true,200,VALID
TRC-8ac20802,QR_OTP,25,112.116,true,200,VALID
TRC-f7a26a90,QR_OTP,25,107.600,true,200,VALID
TRC-8da0ab40,QR_OTP,25,107.588,true,200,VALID
TRC-2688be31,QR_OTP,25,107.730,true,200,VALID
TRC-d0fa7ba0,QR_OTP,25,94.062,true,200,VALID
TRC-ee8c3e4d,QR_OTP,25,96.370,true,200,VALID
TRC-4aff87a0,QR_OTP,25,96.472,true,200,VALID
TRC-22db4c71,QR_OTP,25,96.279,true,200,VALID
TRC-198ed443,QR_OTP,25,96.972,true,200,VALID
TRC-ac06621e,QR_OTP,25,98.475,true,200,VALID
TRC-8f528b9d,QR_OTP,25,81.434,true,200,VALID
TRC-d0375409,QR_OTP,25,82.467,true,200,VALID
TRC-d753600a,QR_OTP,25,82.527,true,200,VALID
TRC-df75ecb9,QR_OTP,25,41.201,true,200,VALID
TRC-59be02da,QR_OTP,25,50.432,true,200,VALID
TRC-7e859f4f,QR_OTP,25,65.397,true,200,VALID
TRC-ffc2fbdf,QR_OTP,25,77.998,true,200,VALID
TRC-4087f891,QR_OTP,25,81.803,true,200,VALID
TRC-663429a3,QR_OTP,25,92.264,true,200,VALID
TRC-977f0a0b,QR_OTP,25,87.149,true,200,VALID
TRC-4c626259,QR_OTP,25,98.004,true,200,VALID
TRC-a3c1fec4,QR_OTP,25,98.755,true,200,VALID
TRC-87cf1acf,QR_OTP,25,106.113,true,200,VALID
TRC-0895a3ea,QR_OTP,25,94.421,true,200,VALID
TRC-1005a411,QR_OTP,25,107.296,true,200,VALID
TRC-76c745b4,QR_OTP,25,94.910,true,200,VALID
TRC-03ec8c3a,QR_OTP,25,94.826,true,200,VALID
TRC-4f8a6ebe,QR_OTP,25,80.416,true,200,VALID
TRC-80e7301e,QR_OTP,25,80.857,true,200,VALID
TRC-eaf85e7f,QR_OTP,25,75.740,true,200,VALID
TRC-59e8b721,QR_OTP,25,75.462,true,200,VALID
TRC-0485354b,QR_OTP,25,76.802,true,200,VALID
TRC-487b1950,QR_OTP,25,76.934,true,200,VALID
TRC-9299b4e2,QR_OTP,25,75.246,true,200,VALID
TRC-d7f0d471,QR_OTP,25,75.419,true,200,VALID
TRC-a5c09478,QR_OTP,25,75.385,true,200,VALID
TRC-45e987d4,QR_OTP,25,75.999,true,200,VALID
TRC-5d6744f7,QR_OTP,25,60.702,true,200,VALID
TRC-e21a5537,QR_OTP,25,60.712,true,200,VALID
TRC-4738d033,QR_OTP,25,54.600,true,200,VALID
TRC-b84dd245,QR_OTP,25,38.354,true,200,VALID
TRC-65ebbb6b,QR_OTP,25,55.174,true,200,VALID
TRC-b113417d,QR_OTP,25,48.889,true,200,VALID
TRC-3b19dc1d,QR_OTP,25,44.106,true,200,VALID
TRC-8d755bb9,QR_OTP,25,135.643,true,200,VALID
TRC-8cd881e4,QR_OTP,25,133.730,true,200,VALID
TRC-be93e45b,QR_OTP,25,133.886,true,200,VALID
TRC-4c19d7ee,QR_OTP,25,131.751,true,200,VALID
TRC-533ce9f2,QR_OTP,25,141.353,true,200,VALID
TRC-403c4dde,QR_OTP,25,141.540,true,200,VALID
TRC-41b29478,QR_OTP,25,142.240,true,200,VALID
TRC-5674df17,QR_OTP,25,142.708,true,200,VALID
TRC-dbaa25d1,QR_OTP,25,141.486,true,200,VALID
TRC-5dda272f,QR_OTP,25,123.196,true,200,VALID
TRC-8e58be51,QR_OTP,25,123.329,true,200,VALID
TRC-df4dcf23,QR_OTP,25,123.509,true,200,VALID
TRC-0a8cd8d0,QR_OTP,25,123.918,true,200,VALID
TRC-eb895837,QR_OTP,25,123.200,true,200,VALID
TRC-99bdd086,QR_OTP,25,122.549,true,200,VALID
TRC-36f2ec4b,QR_OTP,25,123.790,true,200,VALID
TRC-e1e47e8c,QR_OTP,25,83.077,true,200,VALID
TRC-8fe9ab3d,QR_OTP,25,83.328,true,200,VALID
TRC-cf8e4a5d,QR_OTP,25,84.023,true,200,VALID
TRC-a5f60bab,QR_OTP,25,83.868,true,200,VALID
TRC-33ac7ca8,QR_OTP,25,70.414,true,200,VALID
TRC-9da81f18,QR_OTP,25,70.710,true,200,VALID
TRC-00afd1e4,QR_OTP,25,71.092,true,200,VALID
TRC-be174bc4,QR_OTP,25,52.038,true,200,VALID
TRC-777d0bda,QR_OTP,25,59.456,true,200,VALID
TRC-15a163ed,QR_OTP,25,1115.587,true,200,VALID
TRC-4427a2e5,QR_OTP,25,976.862,true,200,VALID
TRC-c84617fa,QR_OTP,25,1127.990,true,200,VALID
TRC-7261d65f,QR_OTP,25,1126.285,true,200,VALID
TRC-8c1c7df2,QR_OTP,25,974.358,true,200,VALID
TRC-143e8b8b,QR_OTP,25,975.190,true,200,VALID
TRC-a2c8bc33,QR_OTP,25,973.396,true,200,VALID
TRC-5092afbe,QR_OTP,25,977.145,true,200,VALID
TRC-c7da9fe4,QR_OTP,25,968.379,true,200,VALID
TRC-6d85edfe,QR_OTP,25,976.223,true,200,VALID
TRC-f9aff276,QR_OTP,25,966.212,true,200,VALID
TRC-20e7c5eb,QR_OTP,25,963.049,true,200,VALID
TRC-7809c2e3,QR_OTP,25,964.360,true,200,VALID
TRC-27c6ffd6,QR_OTP,25,952.678,true,200,VALID
TRC-d8068f84,QR_OTP,25,955.779,true,200,VALID
TRC-af9c6059,QR_OTP,25,969.231,true,200,VALID
TRC-bfe9819e,QR_OTP,25,959.166,true,200,VALID
TRC-4e5513a3,QR_OTP,25,952.468,true,200,VALID
TRC-f60f3687,QR_OTP,25,961.117,true,200,VALID
TRC-ef79ad86,QR_OTP,25,963.163,true,200,VALID
TRC-294e1b8d,QR_OTP,25,971.938,true,200,VALID
TRC-2e7a0d44,QR_OTP,25,951.277,true,200,VALID
TRC-a18a923f,QR_OTP,25,955.667,true,200,VALID
TRC-654bd806,QR_OTP,25,950.537,true,200,VALID
TRC-c4170da4,QR_OTP,25,947.411,true,200,VALID